filename,label,components
new_composite_spectra/Al/Al_0000.png,Al,Na;Al
new_composite_spectra/S/S_0000.png,S,S;V;Al
new_composite_spectra/He/He_0000.png,He,S;He;N
new_composite_spectra/Na/Na_0000.png,Na,Na;Sc;N
new_composite_spectra/V/V_0000.png,V,V;Ti
new_composite_spectra/Cr/Cr_0000.png,Cr,Al;Cr
new_composite_spectra/Fe/Fe_0000.png,Fe,Ti;Fe
new_composite_spectra/Ca/Ca_0000.png,Ca,O;Ca
new_composite_spectra/Cr/Cr_0001.png,Cr,Cr;Ti;N
new_composite_spectra/Sc/Sc_0000.png,Sc,Sc;Si;H
new_composite_spectra/Ti/Ti_0000.png,Ti,Al;Ti
new_composite_spectra/Mg/Mg_0000.png,Mg,C;Na;Mg;N
new_composite_spectra/Cr/Cr_0002.png,Cr,Cr;Mg;Mn
new_composite_spectra/Mn/Mn_0000.png,Mn,H;V;Mn
new_composite_spectra/Si/Si_0000.png,Si,Si;He;N;Sc
new_composite_spectra/V/V_0001.png,V,He;Fe;V
new_composite_spectra/Cr/Cr_0003.png,Cr,Na;Cr;H
new_composite_spectra/Ti/Ti_0001.png,Ti,Cr;S;Ti;O
new_composite_spectra/He/He_0001.png,He,He;Na;Si;H
new_composite_spectra/Ca/Ca_0001.png,Ca,Al;Mg;Ca;S
new_composite_spectra/N/N_0000.png,N,Ti;S;N
new_composite_spectra/He/He_0002.png,He,Mn;Cr;He
new_composite_spectra/Mg/Mg_0001.png,Mg,Mg;O
new_composite_spectra/O/O_0000.png,O,Ti;O
new_composite_spectra/Ca/Ca_0002.png,Ca,Ca;P
new_composite_spectra/O/O_0001.png,O,Li;Ca;O;Cr
new_composite_spectra/O/O_0002.png,O,P;O
new_composite_spectra/Si/Si_0001.png,Si,Mn;Si;Ca
new_composite_spectra/C/C_0000.png,C,He;C;V
new_composite_spectra/C/C_0001.png,C,O;C
new_composite_spectra/H/H_0000.png,H,Mn;H
new_composite_spectra/Mg/Mg_0002.png,Mg,Al;Mg
new_composite_spectra/N/N_0001.png,N,Ti;Mn;V;N
new_composite_spectra/Mn/Mn_0001.png,Mn,Mn;Cr;Li
new_composite_spectra/Fe/Fe_0001.png,Fe,P;Fe;S
new_composite_spectra/Mn/Mn_0002.png,Mn,Na;Ca;Mn
new_composite_spectra/Sc/Sc_0001.png,Sc,S;Sc;V;N
new_composite_spectra/Cr/Cr_0004.png,Cr,H;Si;Ca;Cr
new_composite_spectra/Fe/Fe_0002.png,Fe,V;Na;Fe;H
new_composite_spectra/Ti/Ti_0002.png,Ti,Ti;C;He
new_composite_spectra/N/N_0002.png,N,C;Fe;N;V
new_composite_spectra/H/H_0001.png,H,P;H
new_composite_spectra/Na/Na_0001.png,Na,V;Na;Li;Cr
new_composite_spectra/Ca/Ca_0003.png,Ca,Li;Ca;C
new_composite_spectra/O/O_0003.png,O,C;Fe;O
new_composite_spectra/Na/Na_0002.png,Na,Na;Al;N
new_composite_spectra/Mn/Mn_0003.png,Mn,Mn;Fe
new_composite_spectra/He/He_0003.png,He,He;P;Li;S
new_composite_spectra/C/C_0002.png,C,C;Na;Ti
new_composite_spectra/Na/Na_0003.png,Na,Na;H
new_composite_spectra/Si/Si_0002.png,Si,Li;Si
new_composite_spectra/Ti/Ti_0003.png,Ti,Cr;Ti
new_composite_spectra/Fe/Fe_0003.png,Fe,S;Fe
new_composite_spectra/Ti/Ti_0004.png,Ti,S;Ti;H
new_composite_spectra/O/O_0004.png,O,Al;O;Na;Li
new_composite_spectra/Mn/Mn_0004.png,Mn,Mn;Na
new_composite_spectra/Si/Si_0003.png,Si,Mn;Mg;Si;He
new_composite_spectra/Na/Na_0004.png,Na,Na;Ti
new_composite_spectra/O/O_0005.png,O,Mg;V;O
new_composite_spectra/N/N_0003.png,N,H;Sc;Cr;N
new_composite_spectra/V/V_0002.png,V,N;V;S;Sc
new_composite_spectra/O/O_0006.png,O,Mg;O;N
new_composite_spectra/Fe/Fe_0004.png,Fe,P;Fe
new_composite_spectra/Li/Li_0000.png,Li,Sc;Li
new_composite_spectra/C/C_0003.png,C,Ti;C
new_composite_spectra/P/P_0000.png,P,H;C;Al;P
new_composite_spectra/C/C_0004.png,C,Cr;C
new_composite_spectra/Na/Na_0005.png,Na,O;Na
new_composite_spectra/Fe/Fe_0005.png,Fe,Ti;Fe
new_composite_spectra/Si/Si_0004.png,Si,Mn;Si
new_composite_spectra/Mn/Mn_0005.png,Mn,Mn;He
new_composite_spectra/Na/Na_0006.png,Na,C;Na
new_composite_spectra/Sc/Sc_0002.png,Sc,N;Sc;Si
new_composite_spectra/Li/Li_0001.png,Li,Fe;Cr;Sc;Li
new_composite_spectra/Ca/Ca_0004.png,Ca,V;Na;Ca;Sc
new_composite_spectra/Sc/Sc_0003.png,Sc,Na;Sc
new_composite_spectra/P/P_0001.png,P,S;P;Al
new_composite_spectra/N/N_0004.png,N,Fe;Si;N;O
new_composite_spectra/Li/Li_0002.png,Li,Li;P;Mn;O
new_composite_spectra/Na/Na_0007.png,Na,Fe;Na;Ca;Al
new_composite_spectra/C/C_0005.png,C,Fe;C;Na
new_composite_spectra/Ca/Ca_0005.png,Ca,Mn;V;He;Ca
new_composite_spectra/H/H_0002.png,H,Mg;H;O
new_composite_spectra/Ti/Ti_0005.png,Ti,Ti;N
new_composite_spectra/Cr/Cr_0005.png,Cr,H;N;Cr
new_composite_spectra/N/N_0005.png,N,Ca;Ti;Mn;N
new_composite_spectra/O/O_0007.png,O,O;Ti
new_composite_spectra/Cr/Cr_0006.png,Cr,Si;O;Mn;Cr
new_composite_spectra/S/S_0001.png,S,S;Na;V
new_composite_spectra/Fe/Fe_0006.png,Fe,P;Fe;H;Si
new_composite_spectra/O/O_0008.png,O,Mn;O
new_composite_spectra/S/S_0002.png,S,Ti;S;H;Si
new_composite_spectra/N/N_0006.png,N,N;Mg;C
new_composite_spectra/He/He_0004.png,He,He;Sc
new_composite_spectra/Li/Li_0003.png,Li,Li;Mn
new_composite_spectra/Ti/Ti_0006.png,Ti,Ca;S;Ti
new_composite_spectra/Na/Na_0008.png,Na,Na;O;Cr;S
new_composite_spectra/Mn/Mn_0006.png,Mn,Ca;Li;Mn
new_composite_spectra/Ca/Ca_0006.png,Ca,Mg;Sc;Ca;Li
new_composite_spectra/O/O_0009.png,O,O;H;Ti;Cr
new_composite_spectra/Mn/Mn_0007.png,Mn,Li;Na;Mn
new_composite_spectra/He/He_0005.png,He,Sc;Ti;He
new_composite_spectra/Sc/Sc_0004.png,Sc,Mg;He;Sc
new_composite_spectra/Mn/Mn_0008.png,Mn,Mn;P;Fe;H
new_composite_spectra/Al/Al_0001.png,Al,Al;Li;P
new_composite_spectra/N/N_0007.png,N,Na;N
new_composite_spectra/Ti/Ti_0007.png,Ti,Al;Ti
new_composite_spectra/C/C_0006.png,C,C;Sc;Ti
new_composite_spectra/C/C_0007.png,C,N;Si;Na;C
new_composite_spectra/Cr/Cr_0007.png,Cr,C;P;Mg;Cr
new_composite_spectra/Ca/Ca_0007.png,Ca,O;Ca
new_composite_spectra/Al/Al_0002.png,Al,Al;V
new_composite_spectra/He/He_0006.png,He,He;S
new_composite_spectra/C/C_0008.png,C,Al;C
new_composite_spectra/P/P_0002.png,P,Mn;P;Mg
new_composite_spectra/Sc/Sc_0005.png,Sc,He;Cr;Sc
new_composite_spectra/O/O_0010.png,O,O;Ca;Na
new_composite_spectra/Cr/Cr_0008.png,Cr,Cr;O;He
new_composite_spectra/H/H_0003.png,H,H;He;S
new_composite_spectra/Al/Al_0003.png,Al,He;Si;Al;Mn
new_composite_spectra/Na/Na_0009.png,Na,Na;Mn;P
new_composite_spectra/H/H_0004.png,H,H;S
new_composite_spectra/Al/Al_0004.png,Al,Al;Ca
new_composite_spectra/He/He_0007.png,He,He;S
new_composite_spectra/Cr/Cr_0009.png,Cr,Fe;Cr;Ca;N
new_composite_spectra/He/He_0008.png,He,P;He
new_composite_spectra/Mn/Mn_0009.png,Mn,Mn;Si
new_composite_spectra/Mg/Mg_0003.png,Mg,Mg;C
new_composite_spectra/Fe/Fe_0007.png,Fe,S;Fe
new_composite_spectra/He/He_0009.png,He,C;He
new_composite_spectra/He/He_0010.png,He,Cr;He
new_composite_spectra/Ca/Ca_0008.png,Ca,Ca;Si;S;Ti
new_composite_spectra/Fe/Fe_0008.png,Fe,Li;Al;Fe
new_composite_spectra/V/V_0003.png,V,V;N
new_composite_spectra/He/He_0011.png,He,Ca;He
new_composite_spectra/Fe/Fe_0009.png,Fe,N;Fe;O;Mg
new_composite_spectra/Mg/Mg_0004.png,Mg,Mg;Li;C
new_composite_spectra/C/C_0009.png,C,O;Na;C
new_composite_spectra/He/He_0012.png,He,Li;He
new_composite_spectra/Al/Al_0005.png,Al,Cr;Al
new_composite_spectra/Mn/Mn_0010.png,Mn,Ti;Mn;Mg;O
new_composite_spectra/Ti/Ti_0008.png,Ti,Ti;Al
new_composite_spectra/Al/Al_0006.png,Al,Al;Ti;S;Si
new_composite_spectra/H/H_0005.png,H,He;H;Cr;Mn
new_composite_spectra/Cr/Cr_0010.png,Cr,Cr;H
new_composite_spectra/P/P_0003.png,P,V;O;Mn;P
new_composite_spectra/Li/Li_0004.png,Li,Li;S;V;Ca
new_composite_spectra/H/H_0006.png,H,H;C;Sc;V
new_composite_spectra/C/C_0010.png,C,Li;C;Ca
new_composite_spectra/O/O_0011.png,O,O;Al
new_composite_spectra/S/S_0003.png,S,S;Ca;He;Cr
new_composite_spectra/V/V_0004.png,V,V;Sc
new_composite_spectra/O/O_0012.png,O,O;V;Al
new_composite_spectra/Sc/Sc_0006.png,Sc,Sc;Fe;P;He
new_composite_spectra/Mn/Mn_0011.png,Mn,Li;Mn;Mg
new_composite_spectra/Fe/Fe_0010.png,Fe,Fe;Si;V
new_composite_spectra/H/H_0007.png,H,Mg;H;Al;O
new_composite_spectra/Na/Na_0010.png,Na,Na;V
new_composite_spectra/He/He_0013.png,He,Fe;Mn;Ti;He
new_composite_spectra/O/O_0013.png,O,Fe;O
new_composite_spectra/O/O_0014.png,O,O;Mn
new_composite_spectra/Si/Si_0005.png,Si,P;N;Si
new_composite_spectra/Ca/Ca_0009.png,Ca,S;Ca;Na
new_composite_spectra/Mg/Mg_0005.png,Mg,Mg;Si;C
new_composite_spectra/V/V_0005.png,V,Mn;V;Cr
new_composite_spectra/C/C_0011.png,C,N;Al;O;C
new_composite_spectra/P/P_0004.png,P,Mn;Mg;Ti;P
new_composite_spectra/Ti/Ti_0009.png,Ti,Mg;Ti
new_composite_spectra/S/S_0004.png,S,Fe;S
new_composite_spectra/Cr/Cr_0011.png,Cr,Sc;Cr
new_composite_spectra/H/H_0008.png,H,He;Ca;Cr;H
new_composite_spectra/O/O_0015.png,O,Sc;Na;O
new_composite_spectra/He/He_0014.png,He,N;He
new_composite_spectra/He/He_0015.png,He,Al;S;Na;He
new_composite_spectra/Cr/Cr_0012.png,Cr,Mg;Cr;Na;Fe
new_composite_spectra/Fe/Fe_0011.png,Fe,He;Fe;Cr
new_composite_spectra/V/V_0006.png,V,V;Ca;He;S
new_composite_spectra/Fe/Fe_0012.png,Fe,Mg;Fe
new_composite_spectra/P/P_0005.png,P,Mg;Mn;P
new_composite_spectra/S/S_0005.png,S,Ca;Sc;S;N
new_composite_spectra/V/V_0007.png,V,V;Na
new_composite_spectra/S/S_0006.png,S,O;P;S
new_composite_spectra/Fe/Fe_0013.png,Fe,Fe;N
new_composite_spectra/Al/Al_0007.png,Al,Sc;H;Al
new_composite_spectra/Fe/Fe_0014.png,Fe,Sc;S;Fe;N
new_composite_spectra/Si/Si_0006.png,Si,Ca;Ti;Si;N
new_composite_spectra/Li/Li_0005.png,Li,Li;Sc
new_composite_spectra/Na/Na_0011.png,Na,Ca;Na;Si;He
new_composite_spectra/Mg/Mg_0006.png,Mg,Mn;Mg;Li
new_composite_spectra/H/H_0009.png,H,Si;H;N
new_composite_spectra/Si/Si_0007.png,Si,Si;Li;Ti;Cr
new_composite_spectra/P/P_0006.png,P,Cr;P;Mg;N
new_composite_spectra/C/C_0012.png,C,C;N;Li
new_composite_spectra/C/C_0013.png,C,C;Cr
new_composite_spectra/S/S_0007.png,S,S;Ti
new_composite_spectra/Al/Al_0008.png,Al,Mn;Ti;S;Al
new_composite_spectra/Al/Al_0009.png,Al,Al;Mg
new_composite_spectra/Na/Na_0012.png,Na,P;He;N;Na
new_composite_spectra/C/C_0014.png,C,S;C
new_composite_spectra/H/H_0010.png,H,Sc;Na;Fe;H
new_composite_spectra/Si/Si_0008.png,Si,Cr;Si;N;V
new_composite_spectra/Al/Al_0010.png,Al,C;Sc;P;Al
new_composite_spectra/Fe/Fe_0015.png,Fe,N;Mg;Na;Fe
new_composite_spectra/H/H_0011.png,H,Al;H;Na;He
new_composite_spectra/C/C_0015.png,C,N;C;Cr
new_composite_spectra/V/V_0008.png,V,Al;V;Mg
new_composite_spectra/N/N_0008.png,N,Cr;H;N;S
new_composite_spectra/H/H_0012.png,H,H;Ti
new_composite_spectra/N/N_0009.png,N,S;Ca;N
new_composite_spectra/Na/Na_0013.png,Na,Na;P;Al
new_composite_spectra/Sc/Sc_0007.png,Sc,Si;P;Sc
new_composite_spectra/Na/Na_0014.png,Na,Na;Ca
new_composite_spectra/S/S_0008.png,S,Ca;N;He;S
new_composite_spectra/Sc/Sc_0008.png,Sc,C;Sc;H
new_composite_spectra/Cr/Cr_0013.png,Cr,Si;Cr;Sc
new_composite_spectra/C/C_0016.png,C,Mg;Li;C
new_composite_spectra/Ca/Ca_0010.png,Ca,Ca;Cr
new_composite_spectra/Ca/Ca_0011.png,Ca,Ca;Mg;Na
new_composite_spectra/V/V_0009.png,V,P;V
new_composite_spectra/N/N_0010.png,N,N;P
new_composite_spectra/He/He_0016.png,He,N;Si;He;H
new_composite_spectra/Li/Li_0006.png,Li,Li;Sc;V;Mg
new_composite_spectra/Cr/Cr_0014.png,Cr,C;Cr
new_composite_spectra/Al/Al_0011.png,Al,Al;C
new_composite_spectra/O/O_0016.png,O,Mn;O;V;N
new_composite_spectra/Al/Al_0012.png,Al,Al;S;Na;Mn
new_composite_spectra/C/C_0017.png,C,C;Fe;Ti
new_composite_spectra/Ti/Ti_0010.png,Ti,S;Li;Ti;H
new_composite_spectra/Cr/Cr_0015.png,Cr,Fe;Cr;Sc;P
new_composite_spectra/H/H_0013.png,H,He;H;Mn;Ti
new_composite_spectra/Li/Li_0007.png,Li,Fe;H;P;Li
new_composite_spectra/Li/Li_0008.png,Li,Si;Li;Mg
new_composite_spectra/Mg/Mg_0007.png,Mg,Mg;Si;Al
new_composite_spectra/Al/Al_0013.png,Al,N;Al;Ca;Si
new_composite_spectra/Fe/Fe_0016.png,Fe,Ca;Fe;Mn;Ti
new_composite_spectra/Al/Al_0014.png,Al,Al;O
new_composite_spectra/H/H_0014.png,H,C;H;N;Sc
new_composite_spectra/Na/Na_0015.png,Na,Na;Li
new_composite_spectra/S/S_0009.png,S,S;P;Mg;V
new_composite_spectra/Ti/Ti_0011.png,Ti,O;Ti;Sc;H
new_composite_spectra/Si/Si_0009.png,Si,H;He;Si
new_composite_spectra/Si/Si_0010.png,Si,Sc;Mg;Si
new_composite_spectra/Sc/Sc_0009.png,Sc,Sc;Ti
new_composite_spectra/Ca/Ca_0012.png,Ca,Ca;Mg;He
new_composite_spectra/Mn/Mn_0012.png,Mn,Cr;Mn;N
new_composite_spectra/N/N_0011.png,N,S;N;P
new_composite_spectra/Li/Li_0009.png,Li,O;P;Li;Cr
new_composite_spectra/Mn/Mn_0013.png,Mn,Ti;O;Al;Mn
new_composite_spectra/Li/Li_0010.png,Li,Li;Cr
new_composite_spectra/Cr/Cr_0016.png,Cr,Sc;Cr
new_composite_spectra/He/He_0017.png,He,Sc;He
new_composite_spectra/Sc/Sc_0010.png,Sc,Sc;Ca
new_composite_spectra/O/O_0017.png,O,Ti;O;Na
new_composite_spectra/Ca/Ca_0013.png,Ca,C;Mg;Ca
new_composite_spectra/V/V_0010.png,V,N;V
new_composite_spectra/P/P_0007.png,P,Li;P;Ca;H
new_composite_spectra/S/S_0010.png,S,S;Li;Na;C
new_composite_spectra/N/N_0012.png,N,N;Li
new_composite_spectra/V/V_0011.png,V,Mg;V
new_composite_spectra/Mg/Mg_0008.png,Mg,O;Mg
new_composite_spectra/Si/Si_0011.png,Si,Fe;Si;P;Cr
new_composite_spectra/Fe/Fe_0017.png,Fe,Fe;S;Ca
new_composite_spectra/V/V_0012.png,V,Na;V
new_composite_spectra/Sc/Sc_0011.png,Sc,Mn;Sc
new_composite_spectra/S/S_0011.png,S,Ti;S
new_composite_spectra/O/O_0018.png,O,O;N;Al;Mg
new_composite_spectra/Al/Al_0015.png,Al,Cr;He;Al
new_composite_spectra/Na/Na_0016.png,Na,Al;Cr;Na
new_composite_spectra/H/H_0015.png,H,Sc;H;Mn
new_composite_spectra/Mg/Mg_0009.png,Mg,Mn;Li;Mg
new_composite_spectra/Si/Si_0012.png,Si,Na;Si;V;S
new_composite_spectra/Li/Li_0011.png,Li,Mn;N;Na;Li
new_composite_spectra/Li/Li_0012.png,Li,He;Ca;Li;Fe
new_composite_spectra/P/P_0008.png,P,Ca;P;Mg;V
new_composite_spectra/Sc/Sc_0012.png,Sc,Sc;He
new_composite_spectra/N/N_0013.png,N,N;Mg
new_composite_spectra/H/H_0016.png,H,Cr;S;Mg;H
new_composite_spectra/N/N_0014.png,N,H;N;Mn
new_composite_spectra/Sc/Sc_0013.png,Sc,Al;Sc;Si
new_composite_spectra/Al/Al_0016.png,Al,Si;Al
new_composite_spectra/P/P_0009.png,P,P;He;N
new_composite_spectra/Na/Na_0017.png,Na,Mn;Na
new_composite_spectra/He/He_0018.png,He,O;He
new_composite_spectra/V/V_0013.png,V,C;V
new_composite_spectra/P/P_0010.png,P,P;Na;C;O
new_composite_spectra/Li/Li_0013.png,Li,Li;Ti
new_composite_spectra/H/H_0017.png,H,H;N;Li
new_composite_spectra/Ti/Ti_0012.png,Ti,Ti;H
new_composite_spectra/S/S_0012.png,S,S;Fe;V
new_composite_spectra/Ti/Ti_0013.png,Ti,Li;Ti;Ca
new_composite_spectra/C/C_0018.png,C,Li;Si;C;P
new_composite_spectra/Cr/Cr_0017.png,Cr,Cr;P;Sc;H
new_composite_spectra/V/V_0014.png,V,V;Ti;Na
new_composite_spectra/Mg/Mg_0010.png,Mg,P;Mg;C
new_composite_spectra/S/S_0013.png,S,S;C
new_composite_spectra/H/H_0018.png,H,O;He;H
new_composite_spectra/S/S_0014.png,S,S;Si
new_composite_spectra/P/P_0011.png,P,He;P
new_composite_spectra/Ti/Ti_0014.png,Ti,N;Ti;Sc;Cr
new_composite_spectra/Fe/Fe_0018.png,Fe,Fe;Ca;H;Mg
new_composite_spectra/Ca/Ca_0014.png,Ca,Ti;Ca;V
new_composite_spectra/Mg/Mg_0011.png,Mg,Mn;He;Mg
new_composite_spectra/C/C_0019.png,C,H;C
new_composite_spectra/Mg/Mg_0012.png,Mg,Mg;C
new_composite_spectra/S/S_0015.png,S,Al;S;Fe
new_composite_spectra/P/P_0012.png,P,He;Ti;P
new_composite_spectra/P/P_0013.png,P,Fe;P
new_composite_spectra/H/H_0019.png,H,Al;Mn;Cr;H
new_composite_spectra/N/N_0015.png,N,O;Sc;Li;N
new_composite_spectra/Al/Al_0017.png,Al,O;Al;Ti;S
new_composite_spectra/Ti/Ti_0015.png,Ti,Na;N;Li;Ti
new_composite_spectra/Ca/Ca_0015.png,Ca,Ti;Ca;C
new_composite_spectra/Na/Na_0018.png,Na,Na;Li;He;Si
new_composite_spectra/Si/Si_0013.png,Si,Ti;O;Si;P
new_composite_spectra/Mg/Mg_0013.png,Mg,V;Mg;O;Li
new_composite_spectra/Si/Si_0014.png,Si,C;Si;Li
new_composite_spectra/V/V_0015.png,V,Sc;V;Mg
new_composite_spectra/S/S_0016.png,S,Ti;S
new_composite_spectra/Ti/Ti_0016.png,Ti,Ti;He;Mn
new_composite_spectra/Li/Li_0014.png,Li,Na;Li
new_composite_spectra/Fe/Fe_0019.png,Fe,Fe;Sc;Mn;S
new_composite_spectra/C/C_0020.png,C,Mg;He;C;Mn
new_composite_spectra/Si/Si_0015.png,Si,Si;Ti;Fe
new_composite_spectra/N/N_0016.png,N,Cr;N;Si;V
new_composite_spectra/Mg/Mg_0014.png,Mg,Mg;P
new_composite_spectra/Ti/Ti_0017.png,Ti,Fe;Ti
new_composite_spectra/He/He_0019.png,He,Al;He;P;Mn
new_composite_spectra/Cr/Cr_0018.png,Cr,Cr;He;O;H
new_composite_spectra/N/N_0017.png,N,V;N
new_composite_spectra/Fe/Fe_0020.png,Fe,N;Al;Fe
new_composite_spectra/Si/Si_0016.png,Si,Si;P
new_composite_spectra/V/V_0016.png,V,P;O;V
new_composite_spectra/Ti/Ti_0018.png,Ti,Na;Sc;Ti;S
new_composite_spectra/Al/Al_0018.png,Al,Na;Al;Sc
new_composite_spectra/C/C_0021.png,C,C;Cr
new_composite_spectra/Na/Na_0019.png,Na,Al;Na
new_composite_spectra/C/C_0022.png,C,H;C
new_composite_spectra/P/P_0014.png,P,O;P;Mg
new_composite_spectra/Li/Li_0015.png,Li,V;S;Li
new_composite_spectra/S/S_0017.png,S,P;Si;S
new_composite_spectra/Mg/Mg_0015.png,Mg,Mg;Ti
new_composite_spectra/Ca/Ca_0016.png,Ca,Ca;Li
new_composite_spectra/Al/Al_0019.png,Al,Fe;Al
new_composite_spectra/Na/Na_0020.png,Na,Na;S;Ca;Ti
new_composite_spectra/Na/Na_0021.png,Na,Na;Mn;Fe
new_composite_spectra/S/S_0018.png,S,H;S
new_composite_spectra/Si/Si_0017.png,Si,Si;Mg;Li;Al
new_composite_spectra/Fe/Fe_0021.png,Fe,Ca;Fe;Ti
new_composite_spectra/P/P_0015.png,P,Na;H;Mg;P
new_composite_spectra/Mg/Mg_0016.png,Mg,Al;Mg;Ti
new_composite_spectra/Li/Li_0016.png,Li,Li;Ti;P
new_composite_spectra/He/He_0020.png,He,Li;He;Sc;Fe
new_composite_spectra/Li/Li_0017.png,Li,Li;Ca;S
new_composite_spectra/Si/Si_0018.png,Si,Mg;Na;N;Si
new_composite_spectra/S/S_0019.png,S,S;Sc;C;Li
new_composite_spectra/Al/Al_0020.png,Al,Al;Li;Mn;P
new_composite_spectra/Li/Li_0018.png,Li,Al;Li;P
new_composite_spectra/O/O_0019.png,O,O;C
new_composite_spectra/N/N_0018.png,N,Ca;H;N;Li
new_composite_spectra/Al/Al_0021.png,Al,Ca;Al;N
new_composite_spectra/He/He_0021.png,He,Al;He;Ca;H
new_composite_spectra/Mg/Mg_0017.png,Mg,H;Mg
new_composite_spectra/Na/Na_0022.png,Na,Mn;Na;O
new_composite_spectra/Mn/Mn_0014.png,Mn,Mn;Ti;Na
new_composite_spectra/C/C_0023.png,C,He;C;H
new_composite_spectra/S/S_0020.png,S,Al;N;S;Mg
new_composite_spectra/He/He_0022.png,He,He;H
new_composite_spectra/P/P_0016.png,P,P;S;Ti;C
new_composite_spectra/Mg/Mg_0018.png,Mg,P;Mg;Li;He
new_composite_spectra/Cr/Cr_0019.png,Cr,Na;Mg;Ti;Cr
new_composite_spectra/S/S_0021.png,S,S;P
new_composite_spectra/Al/Al_0022.png,Al,V;Li;Al;Mg
new_composite_spectra/Si/Si_0019.png,Si,Mg;C;Si
new_composite_spectra/V/V_0017.png,V,Cr;Mn;Al;V
new_composite_spectra/Al/Al_0023.png,Al,Al;Si;Sc;V
new_composite_spectra/Al/Al_0024.png,Al,C;Mg;Al
new_composite_spectra/Cr/Cr_0020.png,Cr,He;Si;Cr;N
new_composite_spectra/Cr/Cr_0021.png,Cr,Mn;Cr;S
new_composite_spectra/Na/Na_0023.png,Na,Mg;Na
new_composite_spectra/Sc/Sc_0014.png,Sc,P;H;Sc
new_composite_spectra/Ti/Ti_0019.png,Ti,Cr;N;He;Ti
new_composite_spectra/O/O_0020.png,O,He;O;Ti
new_composite_spectra/H/H_0020.png,H,He;H;Fe
new_composite_spectra/O/O_0021.png,O,H;O
new_composite_spectra/He/He_0023.png,He,S;He;C;O
new_composite_spectra/Fe/Fe_0022.png,Fe,Mg;P;Mn;Fe
new_composite_spectra/Si/Si_0020.png,Si,Mg;C;Si
new_composite_spectra/H/H_0021.png,H,H;Ti;Sc;Ca
new_composite_spectra/Fe/Fe_0023.png,Fe,Mn;Fe
new_composite_spectra/H/H_0022.png,H,V;O;H
new_composite_spectra/N/N_0019.png,N,Fe;Ca;N
new_composite_spectra/Ca/Ca_0017.png,Ca,Na;Ca;Mg
new_composite_spectra/Al/Al_0025.png,Al,O;Al
new_composite_spectra/C/C_0024.png,C,C;H;N
new_composite_spectra/Si/Si_0021.png,Si,Ti;Si;O;Cr
new_composite_spectra/He/He_0024.png,He,He;H
new_composite_spectra/C/C_0025.png,C,Ca;Mn;Sc;C
new_composite_spectra/Na/Na_0024.png,Na,H;Al;Na;Li
new_composite_spectra/Mg/Mg_0019.png,Mg,V;Na;P;Mg
new_composite_spectra/Li/Li_0019.png,Li,H;Si;C;Li
new_composite_spectra/Cr/Cr_0022.png,Cr,Ca;Cr;C;Sc
new_composite_spectra/Mn/Mn_0015.png,Mn,O;Mn
new_composite_spectra/H/H_0023.png,H,Li;H;Mn;Fe
new_composite_spectra/H/H_0024.png,H,H;Si
new_composite_spectra/He/He_0025.png,He,He;Fe;Ti
new_composite_spectra/C/C_0026.png,C,Mg;C
new_composite_spectra/S/S_0022.png,S,S;P
new_composite_spectra/Mg/Mg_0020.png,Mg,C;Si;Mg;S
new_composite_spectra/N/N_0020.png,N,N;Si
new_composite_spectra/H/H_0025.png,H,H;C;Fe
new_composite_spectra/V/V_0018.png,V,Si;V
new_composite_spectra/V/V_0019.png,V,V;Al;Mn;Si
new_composite_spectra/Ti/Ti_0020.png,Ti,Ti;Mg
new_composite_spectra/Na/Na_0025.png,Na,Na;Si;Mn;Sc
new_composite_spectra/Mg/Mg_0021.png,Mg,Al;Ca;Mg
new_composite_spectra/Ca/Ca_0018.png,Ca,Al;Ti;Na;Ca
new_composite_spectra/Ca/Ca_0019.png,Ca,Fe;Ca
new_composite_spectra/V/V_0020.png,V,V;Sc
new_composite_spectra/He/He_0026.png,He,He;Na;Sc
new_composite_spectra/Al/Al_0026.png,Al,Al;S
new_composite_spectra/V/V_0021.png,V,Na;V;Al
new_composite_spectra/Mn/Mn_0016.png,Mn,N;Cr;Mn
new_composite_spectra/Sc/Sc_0015.png,Sc,Sc;Fe
new_composite_spectra/Si/Si_0022.png,Si,O;He;Si
new_composite_spectra/V/V_0022.png,V,Fe;V;Si;Na
new_composite_spectra/He/He_0027.png,He,H;Ca;He;V
new_composite_spectra/Fe/Fe_0024.png,Fe,He;Li;Fe;O
new_composite_spectra/Mn/Mn_0017.png,Mn,Mn;N;Ti;S
new_composite_spectra/Mn/Mn_0018.png,Mn,S;Mn;Ca
new_composite_spectra/V/V_0023.png,V,V;He
new_composite_spectra/He/He_0028.png,He,He;Mn;H;S
new_composite_spectra/Li/Li_0020.png,Li,Li;Fe;Si;P
new_composite_spectra/Ti/Ti_0021.png,Ti,Ti;S
new_composite_spectra/O/O_0022.png,O,Li;O;Sc;S
new_composite_spectra/N/N_0021.png,N,Al;N;Li
new_composite_spectra/He/He_0029.png,He,Ca;Al;V;He
new_composite_spectra/Li/Li_0021.png,Li,Li;Ca;N;P
new_composite_spectra/P/P_0017.png,P,H;N;P;Mn
new_composite_spectra/C/C_0027.png,C,Mg;C
new_composite_spectra/S/S_0023.png,S,Na;S;C
new_composite_spectra/O/O_0023.png,O,Li;Na;O;Ti
new_composite_spectra/Li/Li_0022.png,Li,V;Li;Ti;O
new_composite_spectra/S/S_0024.png,S,S;H
new_composite_spectra/Na/Na_0026.png,Na,S;Na;Cr
new_composite_spectra/Sc/Sc_0016.png,Sc,S;Fe;Sc
new_composite_spectra/C/C_0028.png,C,Li;C
new_composite_spectra/Cr/Cr_0023.png,Cr,Mg;Al;N;Cr
new_composite_spectra/Si/Si_0023.png,Si,He;Mn;Na;Si
new_composite_spectra/N/N_0022.png,N,Ca;N
new_composite_spectra/P/P_0018.png,P,Al;O;P
new_composite_spectra/Si/Si_0024.png,Si,Mn;Si;He
new_composite_spectra/S/S_0025.png,S,S;O
new_composite_spectra/O/O_0024.png,O,H;O
new_composite_spectra/Sc/Sc_0017.png,Sc,Fe;Ti;O;Sc
new_composite_spectra/H/H_0026.png,H,N;H
new_composite_spectra/H/H_0027.png,H,Na;Mn;H;Si
new_composite_spectra/Ca/Ca_0020.png,Ca,S;Si;Ca;V
new_composite_spectra/V/V_0024.png,V,H;V;S;Sc
new_composite_spectra/Mg/Mg_0022.png,Mg,Mg;Sc;V;Si
new_composite_spectra/S/S_0026.png,S,Sc;V;S;N
new_composite_spectra/Sc/Sc_0018.png,Sc,Sc;Cr;S
new_composite_spectra/Cr/Cr_0024.png,Cr,Cr;P;H
new_composite_spectra/Na/Na_0027.png,Na,C;Na;N
new_composite_spectra/V/V_0025.png,V,He;V
new_composite_spectra/O/O_0025.png,O,O;P;Li
new_composite_spectra/Na/Na_0028.png,Na,Cr;He;Na;O
new_composite_spectra/O/O_0026.png,O,N;O;Ca
new_composite_spectra/Mg/Mg_0023.png,Mg,Mg;O
new_composite_spectra/V/V_0026.png,V,S;V;He;Li
new_composite_spectra/S/S_0027.png,S,H;Mn;S
new_composite_spectra/S/S_0028.png,S,Al;C;S;Ca
new_composite_spectra/He/He_0030.png,He,Na;C;He;P
new_composite_spectra/Fe/Fe_0025.png,Fe,He;Fe;Ca;V
new_composite_spectra/Mn/Mn_0019.png,Mn,Mn;C;Mg
new_composite_spectra/N/N_0023.png,N,N;Ca
new_composite_spectra/Li/Li_0023.png,Li,Li;N
new_composite_spectra/O/O_0027.png,O,Si;Na;O
new_composite_spectra/V/V_0027.png,V,Cr;Li;P;V
new_composite_spectra/H/H_0028.png,H,H;C;Al
new_composite_spectra/Fe/Fe_0026.png,Fe,Fe;N;Cr;S
new_composite_spectra/Cr/Cr_0025.png,Cr,Cr;C
new_composite_spectra/O/O_0028.png,O,V;O
new_composite_spectra/Ca/Ca_0021.png,Ca,Ca;Li;Mn
new_composite_spectra/Sc/Sc_0019.png,Sc,O;Sc
new_composite_spectra/O/O_0029.png,O,O;Si;Ti
new_composite_spectra/Mg/Mg_0024.png,Mg,Sc;C;Ti;Mg
new_composite_spectra/Mn/Mn_0020.png,Mn,Ti;Mn
new_composite_spectra/H/H_0029.png,H,Fe;Cr;H
new_composite_spectra/V/V_0028.png,V,Si;Mn;V
new_composite_spectra/Si/Si_0025.png,Si,Al;Li;Si
new_composite_spectra/Mn/Mn_0021.png,Mn,V;Mn;Fe
new_composite_spectra/Cr/Cr_0026.png,Cr,Cr;V
new_composite_spectra/O/O_0030.png,O,P;O;H
new_composite_spectra/Fe/Fe_0027.png,Fe,S;Fe
new_composite_spectra/Na/Na_0029.png,Na,Al;Fe;Na
new_composite_spectra/Ti/Ti_0022.png,Ti,C;He;Ca;Ti
new_composite_spectra/Al/Al_0027.png,Al,He;Al;H
new_composite_spectra/Cr/Cr_0027.png,Cr,Cr;Mn;He;Li
new_composite_spectra/Na/Na_0030.png,Na,Cr;Na;C;V
new_composite_spectra/Mg/Mg_0025.png,Mg,O;Mg
new_composite_spectra/C/C_0029.png,C,Sc;C;O
new_composite_spectra/N/N_0024.png,N,P;He;N
new_composite_spectra/Na/Na_0031.png,Na,Na;Cr
new_composite_spectra/Ca/Ca_0022.png,Ca,Ca;Si;S
new_composite_spectra/C/C_0030.png,C,He;C
new_composite_spectra/C/C_0031.png,C,C;Fe;Na
new_composite_spectra/S/S_0029.png,S,S;Sc;P;H
new_composite_spectra/Na/Na_0032.png,Na,C;Na;N
new_composite_spectra/Fe/Fe_0028.png,Fe,Al;Fe
new_composite_spectra/S/S_0030.png,S,Na;S
new_composite_spectra/H/H_0030.png,H,N;Mg;H;Na
new_composite_spectra/V/V_0029.png,V,Mn;O;V;Sc
new_composite_spectra/Ca/Ca_0023.png,Ca,Mn;Ca;Al
new_composite_spectra/Ca/Ca_0024.png,Ca,O;Ca
new_composite_spectra/Na/Na_0033.png,Na,He;Na
new_composite_spectra/C/C_0032.png,C,C;Cr
new_composite_spectra/S/S_0031.png,S,He;Al;S
new_composite_spectra/S/S_0032.png,S,Cr;S
new_composite_spectra/He/He_0031.png,He,He;Mg
new_composite_spectra/Ti/Ti_0023.png,Ti,Ti;He;Li
new_composite_spectra/Ca/Ca_0025.png,Ca,C;He;Ca
new_composite_spectra/Sc/Sc_0020.png,Sc,Al;Sc
new_composite_spectra/V/V_0030.png,V,Mg;Mn;V
new_composite_spectra/Al/Al_0028.png,Al,H;Mg;Al
new_composite_spectra/N/N_0025.png,N,N;C;Si
new_composite_spectra/Cr/Cr_0028.png,Cr,N;Cr;He;Ca
new_composite_spectra/Mn/Mn_0022.png,Mn,Si;C;Mn
new_composite_spectra/V/V_0031.png,V,V;Mn;Al;He
new_composite_spectra/V/V_0032.png,V,V;Si;Cr;Mg
new_composite_spectra/Mg/Mg_0026.png,Mg,Sc;Mg;Al
new_composite_spectra/C/C_0033.png,C,Cr;C
new_composite_spectra/Sc/Sc_0021.png,Sc,O;Sc;N
new_composite_spectra/Ca/Ca_0026.png,Ca,H;Ca
new_composite_spectra/V/V_0033.png,V,V;Ca
new_composite_spectra/C/C_0034.png,C,C;Si;O
new_composite_spectra/C/C_0035.png,C,C;P;S;Al
new_composite_spectra/Cr/Cr_0029.png,Cr,Si;Cr
new_composite_spectra/O/O_0031.png,O,P;O
new_composite_spectra/Ca/Ca_0027.png,Ca,Ca;Mn
new_composite_spectra/Si/Si_0026.png,Si,Si;Mg;Sc
new_composite_spectra/Na/Na_0034.png,Na,Sc;O;Na;Li
new_composite_spectra/Al/Al_0029.png,Al,Mn;Al;Sc;C
new_composite_spectra/C/C_0036.png,C,C;Cr
new_composite_spectra/Cr/Cr_0030.png,Cr,Cr;C;Si
new_composite_spectra/Al/Al_0030.png,Al,Al;Na
new_composite_spectra/Mg/Mg_0027.png,Mg,Mg;P
new_composite_spectra/Mg/Mg_0028.png,Mg,Mg;Ca;C;V
new_composite_spectra/Ca/Ca_0028.png,Ca,Si;Ti;Ca;H
new_composite_spectra/Cr/Cr_0031.png,Cr,Mg;Al;Na;Cr
new_composite_spectra/C/C_0037.png,C,Fe;C
new_composite_spectra/N/N_0026.png,N,N;V;Mn;Fe
new_composite_spectra/Ca/Ca_0029.png,Ca,P;Ca
new_composite_spectra/V/V_0034.png,V,V;P;Mn
new_composite_spectra/Mg/Mg_0029.png,Mg,Mg;Na
new_composite_spectra/C/C_0038.png,C,Na;V;C
new_composite_spectra/Ca/Ca_0030.png,Ca,Ca;Li;He;S
new_composite_spectra/N/N_0027.png,N,S;N;Mg
new_composite_spectra/Ca/Ca_0031.png,Ca,Al;Ca
new_composite_spectra/Fe/Fe_0029.png,Fe,Fe;He
new_composite_spectra/Ca/Ca_0032.png,Ca,Ca;O;He
new_composite_spectra/Al/Al_0031.png,Al,S;N;Al
new_composite_spectra/Ca/Ca_0033.png,Ca,Na;Ca;He
new_composite_spectra/Mg/Mg_0030.png,Mg,Sc;Mg
new_composite_spectra/Na/Na_0035.png,Na,Na;O;Li;S
new_composite_spectra/P/P_0019.png,P,Ca;P
new_composite_spectra/C/C_0039.png,C,C;Sc
new_composite_spectra/O/O_0032.png,O,O;H;Mn;Ti
new_composite_spectra/Mg/Mg_0031.png,Mg,S;He;P;Mg
new_composite_spectra/Ca/Ca_0034.png,Ca,Mg;Ca
new_composite_spectra/Fe/Fe_0030.png,Fe,H;Ca;Fe
new_composite_spectra/S/S_0033.png,S,Mn;P;S
new_composite_spectra/Mg/Mg_0032.png,Mg,Mg;Al
new_composite_spectra/Al/Al_0032.png,Al,S;Al;Mn
new_composite_spectra/H/H_0031.png,H,Ti;H
new_composite_spectra/H/H_0032.png,H,H;He;Cr
new_composite_spectra/C/C_0040.png,C,C;Ti;S;H
new_composite_spectra/Na/Na_0036.png,Na,Fe;Na;V;H
new_composite_spectra/Mg/Mg_0033.png,Mg,P;Mg
new_composite_spectra/V/V_0035.png,V,P;V
new_composite_spectra/Na/Na_0037.png,Na,Ca;Na
new_composite_spectra/Si/Si_0027.png,Si,N;Si;Fe
new_composite_spectra/H/H_0033.png,H,P;Mn;H
new_composite_spectra/Al/Al_0033.png,Al,P;Li;Al
new_composite_spectra/Sc/Sc_0022.png,Sc,Fe;S;Na;Sc
new_composite_spectra/Sc/Sc_0023.png,Sc,C;Sc;H
new_composite_spectra/Li/Li_0024.png,Li,O;V;Li
new_composite_spectra/Sc/Sc_0024.png,Sc,S;Sc
new_composite_spectra/Mg/Mg_0034.png,Mg,Fe;Na;Mn;Mg
new_composite_spectra/S/S_0034.png,S,S;N
new_composite_spectra/Mg/Mg_0035.png,Mg,H;Mg
new_composite_spectra/C/C_0041.png,C,H;C
new_composite_spectra/O/O_0033.png,O,H;P;N;O
new_composite_spectra/Na/Na_0038.png,Na,Fe;P;Na
new_composite_spectra/Cr/Cr_0032.png,Cr,Mg;C;P;Cr
new_composite_spectra/Mg/Mg_0036.png,Mg,Mg;C;Mn
new_composite_spectra/Mn/Mn_0023.png,Mn,Mn;Si
new_composite_spectra/V/V_0036.png,V,V;Ti;Mn
new_composite_spectra/Fe/Fe_0031.png,Fe,Li;Fe;Sc
new_composite_spectra/Mg/Mg_0037.png,Mg,Sc;Mg;Al;Si
new_composite_spectra/Mn/Mn_0024.png,Mn,Fe;Ca;Mn;Mg
new_composite_spectra/H/H_0034.png,H,Fe;Na;N;H
new_composite_spectra/Sc/Sc_0025.png,Sc,Sc;Mg;Mn
new_composite_spectra/Ti/Ti_0024.png,Ti,Na;V;Ti
new_composite_spectra/Cr/Cr_0033.png,Cr,Cr;Si;C;N
new_composite_spectra/Al/Al_0034.png,Al,Mg;Al
new_composite_spectra/C/C_0042.png,C,S;C
new_composite_spectra/V/V_0037.png,V,P;V
new_composite_spectra/V/V_0038.png,V,Fe;Na;Al;V
new_composite_spectra/He/He_0032.png,He,C;He;Fe;Si
new_composite_spectra/N/N_0028.png,N,Li;V;N
new_composite_spectra/P/P_0020.png,P,Mn;P
new_composite_spectra/Fe/Fe_0032.png,Fe,Fe;S;Mg
new_composite_spectra/S/S_0035.png,S,S;Cr
new_composite_spectra/Al/Al_0035.png,Al,Li;Al;Na
new_composite_spectra/P/P_0021.png,P,P;V
new_composite_spectra/Mg/Mg_0038.png,Mg,V;Mg
new_composite_spectra/V/V_0039.png,V,Li;V
new_composite_spectra/O/O_0034.png,O,O;Si;Ca;N
new_composite_spectra/He/He_0033.png,He,He;Na
new_composite_spectra/Cr/Cr_0034.png,Cr,Fe;Cr;P;Sc
new_composite_spectra/Al/Al_0036.png,Al,Ca;Al
new_composite_spectra/Mg/Mg_0039.png,Mg,Ti;Al;Mg;Cr
new_composite_spectra/Cr/Cr_0035.png,Cr,Cr;P
new_composite_spectra/P/P_0022.png,P,P;Ti;Cr
new_composite_spectra/C/C_0043.png,C,C;Al;Sc
new_composite_spectra/S/S_0036.png,S,Si;S;N;Mn
new_composite_spectra/He/He_0034.png,He,S;He
new_composite_spectra/Mg/Mg_0040.png,Mg,Mg;Si
new_composite_spectra/Cr/Cr_0036.png,Cr,Cr;Ca
new_composite_spectra/He/He_0035.png,He,P;He;V
new_composite_spectra/P/P_0023.png,P,Si;N;P;He
new_composite_spectra/C/C_0044.png,C,Si;C
new_composite_spectra/Li/Li_0025.png,Li,Li;H
new_composite_spectra/Li/Li_0026.png,Li,V;Si;Li
new_composite_spectra/Fe/Fe_0033.png,Fe,Ca;Fe;Cr
new_composite_spectra/Cr/Cr_0037.png,Cr,S;Cr;Mn;H
new_composite_spectra/O/O_0035.png,O,Ca;He;O;C
new_composite_spectra/Al/Al_0037.png,Al,C;Al;P;He
new_composite_spectra/Mg/Mg_0041.png,Mg,Mg;V
new_composite_spectra/Sc/Sc_0026.png,Sc,Sc;Al;O
new_composite_spectra/S/S_0037.png,S,Li;S;Ti
new_composite_spectra/V/V_0040.png,V,Sc;V
new_composite_spectra/C/C_0045.png,C,Mg;H;Al;C
new_composite_spectra/Li/Li_0027.png,Li,C;Li;Ti;Fe
new_composite_spectra/S/S_0038.png,S,P;Li;S
new_composite_spectra/Mn/Mn_0025.png,Mn,Fe;Mn
new_composite_spectra/V/V_0041.png,V,Fe;N;V
new_composite_spectra/Li/Li_0028.png,Li,He;Li
new_composite_spectra/Sc/Sc_0027.png,Sc,Sc;Ca;Ti
new_composite_spectra/H/H_0035.png,H,H;Mg
new_composite_spectra/Al/Al_0038.png,Al,Al;Mn;V
new_composite_spectra/C/C_0046.png,C,C;Na
new_composite_spectra/Al/Al_0039.png,Al,Mn;Al;O;Cr
new_composite_spectra/P/P_0024.png,P,Mn;P;O
new_composite_spectra/Cr/Cr_0038.png,Cr,Ti;Mn;S;Cr
new_composite_spectra/Mn/Mn_0026.png,Mn,C;Ti;O;Mn
new_composite_spectra/Si/Si_0028.png,Si,Si;Cr
new_composite_spectra/Cr/Cr_0039.png,Cr,Li;Ca;Cr
new_composite_spectra/V/V_0042.png,V,He;V
new_composite_spectra/C/C_0047.png,C,C;Si
new_composite_spectra/Mg/Mg_0042.png,Mg,H;Mg;Sc
new_composite_spectra/Li/Li_0029.png,Li,Li;He
new_composite_spectra/Mg/Mg_0043.png,Mg,Mg;O
new_composite_spectra/Ti/Ti_0025.png,Ti,Si;Ti;Ca
new_composite_spectra/Ti/Ti_0026.png,Ti,Na;Ti
new_composite_spectra/Ca/Ca_0035.png,Ca,Al;S;Sc;Ca
new_composite_spectra/Mn/Mn_0027.png,Mn,Mn;P;H;Al
new_composite_spectra/N/N_0029.png,N,O;N
new_composite_spectra/P/P_0025.png,P,P;Ti;O
new_composite_spectra/P/P_0026.png,P,P;Mg;Si;Li
new_composite_spectra/Al/Al_0040.png,Al,Mg;Al
new_composite_spectra/P/P_0027.png,P,P;H;Mn
new_composite_spectra/Si/Si_0029.png,Si,Si;C
new_composite_spectra/He/He_0036.png,He,He;Sc
new_composite_spectra/H/H_0036.png,H,S;H;Mg
new_composite_spectra/Fe/Fe_0034.png,Fe,Fe;He
new_composite_spectra/S/S_0039.png,S,P;H;V;S
new_composite_spectra/C/C_0048.png,C,O;C;V
new_composite_spectra/H/H_0037.png,H,H;P
new_composite_spectra/O/O_0036.png,O,H;O
new_composite_spectra/C/C_0049.png,C,C;Mn;Si;Al
new_composite_spectra/P/P_0028.png,P,Al;H;P
new_composite_spectra/V/V_0043.png,V,H;Cr;Al;V
new_composite_spectra/C/C_0050.png,C,V;He;Fe;C
new_composite_spectra/Al/Al_0041.png,Al,He;Al
new_composite_spectra/Mg/Mg_0044.png,Mg,Si;Mg
new_composite_spectra/P/P_0029.png,P,Al;H;P;S
new_composite_spectra/O/O_0037.png,O,N;O;He
new_composite_spectra/Mg/Mg_0045.png,Mg,Mg;Ca
new_composite_spectra/O/O_0038.png,O,O;V
new_composite_spectra/Mn/Mn_0028.png,Mn,Mn;C;Cr
new_composite_spectra/Ti/Ti_0027.png,Ti,Ti;O;C;Al
new_composite_spectra/Li/Li_0030.png,Li,S;Mn;Li
new_composite_spectra/H/H_0038.png,H,Fe;H
new_composite_spectra/Mn/Mn_0029.png,Mn,He;Mn;Mg;Sc
new_composite_spectra/Cr/Cr_0040.png,Cr,Cr;Sc
new_composite_spectra/H/H_0039.png,H,Cr;H
new_composite_spectra/Ti/Ti_0028.png,Ti,Ti;S;Cr
new_composite_spectra/O/O_0039.png,O,Ca;H;O
new_composite_spectra/C/C_0051.png,C,Mn;C;V
new_composite_spectra/Fe/Fe_0035.png,Fe,Fe;Ca
new_composite_spectra/Al/Al_0042.png,Al,H;Al;Sc;Si
new_composite_spectra/Ti/Ti_0029.png,Ti,Cr;H;Ti;C
new_composite_spectra/He/He_0037.png,He,Li;He;Mn
new_composite_spectra/Ca/Ca_0036.png,Ca,Na;Ca;P
new_composite_spectra/Mn/Mn_0030.png,Mn,Li;Ti;Mn;Na
new_composite_spectra/He/He_0038.png,He,P;He;S
new_composite_spectra/Na/Na_0039.png,Na,Na;C;Ca
new_composite_spectra/Si/Si_0030.png,Si,Si;O;Na;Mg
new_composite_spectra/Sc/Sc_0028.png,Sc,H;O;Ti;Sc
new_composite_spectra/He/He_0039.png,He,Fe;He;P
new_composite_spectra/Mg/Mg_0046.png,Mg,Li;Al;Mg
new_composite_spectra/Cr/Cr_0041.png,Cr,N;S;V;Cr
new_composite_spectra/Si/Si_0031.png,Si,Si;O;Mn
new_composite_spectra/Sc/Sc_0029.png,Sc,O;Sc
new_composite_spectra/O/O_0040.png,O,V;Mg;O
new_composite_spectra/Na/Na_0040.png,Na,Cr;Na;Mn
new_composite_spectra/Na/Na_0041.png,Na,Si;Fe;Na
new_composite_spectra/P/P_0030.png,P,P;Na;H
new_composite_spectra/Fe/Fe_0036.png,Fe,S;Fe
new_composite_spectra/Na/Na_0042.png,Na,Na;Si;Ti
new_composite_spectra/Ca/Ca_0037.png,Ca,Ca;He
new_composite_spectra/O/O_0041.png,O,O;Si
new_composite_spectra/Al/Al_0043.png,Al,Si;Al
new_composite_spectra/H/H_0040.png,H,S;H
new_composite_spectra/C/C_0052.png,C,Mn;S;C
new_composite_spectra/C/C_0053.png,C,C;N;Cr
new_composite_spectra/Al/Al_0044.png,Al,O;Al;H
new_composite_spectra/V/V_0044.png,V,P;He;Mg;V
new_composite_spectra/Li/Li_0031.png,Li,Cr;Li;Sc;Fe
new_composite_spectra/Al/Al_0045.png,Al,Ca;Cr;Al
new_composite_spectra/Ca/Ca_0038.png,Ca,Ca;Al;Fe
new_composite_spectra/Na/Na_0043.png,Na,He;Na;O;P
new_composite_spectra/V/V_0045.png,V,P;V
new_composite_spectra/Mg/Mg_0047.png,Mg,Mg;Sc
new_composite_spectra/Mn/Mn_0031.png,Mn,Mn;V
new_composite_spectra/V/V_0046.png,V,S;V;He
new_composite_spectra/Cr/Cr_0042.png,Cr,Al;Na;Cr;Ca
new_composite_spectra/Cr/Cr_0043.png,Cr,Cr;Ti
new_composite_spectra/He/He_0040.png,He,Si;C;Ca;He
new_composite_spectra/Ti/Ti_0030.png,Ti,Ti;Mg;V;H
new_composite_spectra/C/C_0054.png,C,Fe;C
new_composite_spectra/Ti/Ti_0031.png,Ti,C;Ti
new_composite_spectra/Ti/Ti_0032.png,Ti,N;Ti
new_composite_spectra/N/N_0030.png,N,O;Mg;N
new_composite_spectra/Na/Na_0044.png,Na,C;S;Na
new_composite_spectra/V/V_0047.png,V,Li;V;Sc
new_composite_spectra/He/He_0041.png,He,He;V;N
new_composite_spectra/N/N_0031.png,N,He;Sc;N
new_composite_spectra/Mg/Mg_0048.png,Mg,O;Mn;Mg;V
new_composite_spectra/V/V_0048.png,V,V;Na;O;Li
new_composite_spectra/Sc/Sc_0030.png,Sc,H;Al;Sc
new_composite_spectra/Sc/Sc_0031.png,Sc,Sc;Li;H
new_composite_spectra/Mg/Mg_0049.png,Mg,Mg;Na
new_composite_spectra/S/S_0040.png,S,Fe;Ca;S
new_composite_spectra/Ca/Ca_0039.png,Ca,He;Ca;Al
new_composite_spectra/Li/Li_0032.png,Li,V;Li;Ca;Al
new_composite_spectra/C/C_0055.png,C,N;Mn;C;Ca
new_composite_spectra/Cr/Cr_0044.png,Cr,Mg;C;Cr
new_composite_spectra/Na/Na_0045.png,Na,Li;Na;N;Mn
new_composite_spectra/He/He_0042.png,He,He;Ca
new_composite_spectra/Na/Na_0046.png,Na,Na;O
new_composite_spectra/Sc/Sc_0032.png,Sc,Sc;S;Cr
new_composite_spectra/Ti/Ti_0033.png,Ti,Cr;Ti;V
new_composite_spectra/Na/Na_0047.png,Na,Na;Ca
new_composite_spectra/Al/Al_0046.png,Al,Si;Al;S;Mg
new_composite_spectra/He/He_0043.png,He,Sc;V;He
new_composite_spectra/N/N_0032.png,N,Na;N;C
new_composite_spectra/Ca/Ca_0040.png,Ca,Ca;He;S
new_composite_spectra/Sc/Sc_0033.png,Sc,Sc;N;He
new_composite_spectra/O/O_0042.png,O,P;O
new_composite_spectra/P/P_0031.png,P,He;P
new_composite_spectra/Li/Li_0033.png,Li,Li;Si;Fe
new_composite_spectra/Cr/Cr_0045.png,Cr,O;Ti;H;Cr
new_composite_spectra/C/C_0056.png,C,C;Sc;He
new_composite_spectra/Cr/Cr_0046.png,Cr,Cr;He
new_composite_spectra/Fe/Fe_0037.png,Fe,S;Fe;V;Si
new_composite_spectra/Si/Si_0032.png,Si,Sc;V;Si
new_composite_spectra/S/S_0041.png,S,S;Si
new_composite_spectra/S/S_0042.png,S,Fe;S;He;H
new_composite_spectra/N/N_0033.png,N,N;Cr
new_composite_spectra/Ca/Ca_0041.png,Ca,Na;Ca;He
new_composite_spectra/Fe/Fe_0038.png,Fe,Li;He;Fe
new_composite_spectra/Fe/Fe_0039.png,Fe,Fe;C;S;H
new_composite_spectra/P/P_0032.png,P,Li;Cr;Al;P
new_composite_spectra/Sc/Sc_0034.png,Sc,Ti;Sc;Ca
new_composite_spectra/H/H_0041.png,H,N;C;Na;H
new_composite_spectra/Mg/Mg_0050.png,Mg,Fe;Mg
new_composite_spectra/He/He_0044.png,He,He;Na
new_composite_spectra/Ti/Ti_0034.png,Ti,Mn;Ti;He
new_composite_spectra/C/C_0057.png,C,C;O;Cr
new_composite_spectra/Na/Na_0048.png,Na,O;N;Na;P
new_composite_spectra/V/V_0049.png,V,P;Si;Li;V
new_composite_spectra/Na/Na_0049.png,Na,Mg;Na;O;Ti
new_composite_spectra/P/P_0033.png,P,Fe;C;P
new_composite_spectra/Al/Al_0047.png,Al,N;He;Al
new_composite_spectra/C/C_0058.png,C,O;He;C;P
new_composite_spectra/Na/Na_0050.png,Na,Cr;O;Na;Mn
new_composite_spectra/Mn/Mn_0032.png,Mn,Sc;Mn
new_composite_spectra/S/S_0043.png,S,Sc;S
new_composite_spectra/H/H_0042.png,H,H;Li
new_composite_spectra/Si/Si_0033.png,Si,Na;Si;Ti
new_composite_spectra/Mn/Mn_0033.png,Mn,Ti;Mn
new_composite_spectra/Fe/Fe_0040.png,Fe,S;Fe
new_composite_spectra/Sc/Sc_0035.png,Sc,Sc;Cr;Ti;Ca
new_composite_spectra/V/V_0050.png,V,V;H;Si
new_composite_spectra/O/O_0043.png,O,He;O
new_composite_spectra/Sc/Sc_0036.png,Sc,Fe;Sc
new_composite_spectra/N/N_0034.png,N,Fe;Ca;N;Na
new_composite_spectra/Al/Al_0048.png,Al,V;Al
new_composite_spectra/C/C_0059.png,C,Mn;C;V
new_composite_spectra/Sc/Sc_0037.png,Sc,Sc;Ca
new_composite_spectra/H/H_0043.png,H,N;H
new_composite_spectra/He/He_0045.png,He,He;Na;Ca;Sc
new_composite_spectra/Na/Na_0051.png,Na,Na;H
new_composite_spectra/Cr/Cr_0047.png,Cr,Al;Cr
new_composite_spectra/Ti/Ti_0035.png,Ti,Ca;Mg;Ti
new_composite_spectra/Na/Na_0052.png,Na,H;Na
new_composite_spectra/Li/Li_0034.png,Li,Li;Si
new_composite_spectra/Ti/Ti_0036.png,Ti,P;Ti;Mg
new_composite_spectra/Mg/Mg_0051.png,Mg,Mg;V
new_composite_spectra/H/H_0044.png,H,H;P
new_composite_spectra/O/O_0044.png,O,O;V
new_composite_spectra/Na/Na_0053.png,Na,S;N;Na;P
new_composite_spectra/Na/Na_0054.png,Na,Na;Mg
new_composite_spectra/N/N_0035.png,N,Al;Fe;N
new_composite_spectra/H/H_0045.png,H,H;Li;Na
new_composite_spectra/V/V_0051.png,V,O;Ti;V
new_composite_spectra/Cr/Cr_0048.png,Cr,Cr;Al
new_composite_spectra/Mg/Mg_0052.png,Mg,Mg;He;Ca
new_composite_spectra/P/P_0034.png,P,H;P
new_composite_spectra/Cr/Cr_0049.png,Cr,Ca;Cr
new_composite_spectra/Al/Al_0049.png,Al,Al;Sc;C
new_composite_spectra/Mn/Mn_0034.png,Mn,Mn;V
new_composite_spectra/H/H_0046.png,H,S;H;Na
new_composite_spectra/Fe/Fe_0041.png,Fe,He;Al;S;Fe
new_composite_spectra/N/N_0036.png,N,Si;N
new_composite_spectra/H/H_0047.png,H,C;Al;H
new_composite_spectra/V/V_0052.png,V,P;V
new_composite_spectra/Cr/Cr_0050.png,Cr,H;P;S;Cr
new_composite_spectra/O/O_0045.png,O,Mg;O
new_composite_spectra/N/N_0037.png,N,Si;N;Cr;Fe
new_composite_spectra/Fe/Fe_0042.png,Fe,Fe;He
new_composite_spectra/Al/Al_0050.png,Al,Al;P
new_composite_spectra/Fe/Fe_0043.png,Fe,C;Li;Fe
new_composite_spectra/Mn/Mn_0035.png,Mn,Cr;Mn
new_composite_spectra/O/O_0046.png,O,Mg;Na;N;O
new_composite_spectra/Ti/Ti_0037.png,Ti,Fe;Ti;Li;P
new_composite_spectra/C/C_0060.png,C,Al;C;Si;S
new_composite_spectra/C/C_0061.png,C,O;C;Li;Ti
new_composite_spectra/Si/Si_0034.png,Si,Si;Sc;O
new_composite_spectra/Na/Na_0055.png,Na,C;N;Ca;Na
new_composite_spectra/Fe/Fe_0044.png,Fe,Fe;P;Ti;Si
new_composite_spectra/Al/Al_0051.png,Al,Al;Si;Cr;Ca
new_composite_spectra/H/H_0048.png,H,H;Sc;O
new_composite_spectra/P/P_0035.png,P,S;P
new_composite_spectra/Ca/Ca_0042.png,Ca,H;Ca
new_composite_spectra/Mn/Mn_0036.png,Mn,S;Sc;P;Mn
new_composite_spectra/Sc/Sc_0038.png,Sc,Sc;N;Li;Si
new_composite_spectra/Li/Li_0035.png,Li,V;Li
new_composite_spectra/Fe/Fe_0045.png,Fe,Fe;He;Na;Cr
new_composite_spectra/H/H_0049.png,H,H;Si;Ca;P
new_composite_spectra/Cr/Cr_0051.png,Cr,Fe;N;H;Cr
new_composite_spectra/O/O_0047.png,O,Al;Ca;O
new_composite_spectra/Ca/Ca_0043.png,Ca,C;Ca;Fe
new_composite_spectra/Fe/Fe_0046.png,Fe,Cr;Fe
new_composite_spectra/Fe/Fe_0047.png,Fe,Fe;Ca;Mg;Na
new_composite_spectra/Cr/Cr_0052.png,Cr,Cr;V;Sc
new_composite_spectra/Mg/Mg_0053.png,Mg,C;Mg;Mn
new_composite_spectra/Na/Na_0056.png,Na,Na;Ca;Cr;S
new_composite_spectra/N/N_0038.png,N,He;N
new_composite_spectra/V/V_0053.png,V,He;Mg;V
new_composite_spectra/Mg/Mg_0054.png,Mg,Li;Mg;Al
new_composite_spectra/V/V_0054.png,V,V;Mg;Na;O
new_composite_spectra/Fe/Fe_0048.png,Fe,Fe;O
new_composite_spectra/Li/Li_0036.png,Li,Li;He
new_composite_spectra/Mn/Mn_0037.png,Mn,V;Mn
new_composite_spectra/C/C_0062.png,C,Si;Ti;C;Na
new_composite_spectra/Li/Li_0037.png,Li,Li;Ca
new_composite_spectra/N/N_0039.png,N,S;V;N
new_composite_spectra/V/V_0055.png,V,V;P
new_composite_spectra/H/H_0050.png,H,O;Sc;H;S
new_composite_spectra/N/N_0040.png,N,N;Na
new_composite_spectra/Li/Li_0038.png,Li,Li;Sc;C
new_composite_spectra/C/C_0063.png,C,C;Li;Si;Na
new_composite_spectra/Sc/Sc_0039.png,Sc,He;Fe;Sc;P
new_composite_spectra/H/H_0051.png,H,P;H;Na;Sc
new_composite_spectra/Fe/Fe_0049.png,Fe,He;Cr;Fe;Sc
new_composite_spectra/He/He_0046.png,He,O;He
new_composite_spectra/Ti/Ti_0038.png,Ti,Fe;Ti;Li
new_composite_spectra/O/O_0048.png,O,Al;O;Ti
new_composite_spectra/P/P_0036.png,P,P;Mg
new_composite_spectra/Al/Al_0052.png,Al,Al;Na;Cr;S
new_composite_spectra/Mg/Mg_0055.png,Mg,Ca;Mg
new_composite_spectra/H/H_0052.png,H,H;He;Li;S
new_composite_spectra/P/P_0037.png,P,P;He
new_composite_spectra/P/P_0038.png,P,C;Fe;Cr;P
new_composite_spectra/P/P_0039.png,P,P;V;C
new_composite_spectra/C/C_0064.png,C,Fe;C;Mg
new_composite_spectra/O/O_0049.png,O,Al;Cr;O
new_composite_spectra/C/C_0065.png,C,Sc;He;C
new_composite_spectra/Al/Al_0053.png,Al,Al;N
new_composite_spectra/P/P_0040.png,P,P;He;Al
new_composite_spectra/Ti/Ti_0039.png,Ti,Fe;Li;Ti;O
new_composite_spectra/Ca/Ca_0044.png,Ca,Ca;V
new_composite_spectra/Mn/Mn_0038.png,Mn,C;Mn
new_composite_spectra/S/S_0044.png,S,S;Mg;Ca
new_composite_spectra/Mn/Mn_0039.png,Mn,V;Mn;Cr;P
new_composite_spectra/Fe/Fe_0050.png,Fe,Al;Si;Fe
new_composite_spectra/Si/Si_0035.png,Si,Fe;Si
new_composite_spectra/Al/Al_0054.png,Al,S;Al
new_composite_spectra/C/C_0066.png,C,C;Sc
new_composite_spectra/Ti/Ti_0040.png,Ti,Ti;S;Na
new_composite_spectra/Cr/Cr_0053.png,Cr,N;Na;Ti;Cr
new_composite_spectra/Al/Al_0055.png,Al,Mg;He;Al;Na
new_composite_spectra/Mg/Mg_0056.png,Mg,Na;Mg
new_composite_spectra/O/O_0050.png,O,Ti;O
new_composite_spectra/V/V_0056.png,V,V;Fe;Ti
new_composite_spectra/Cr/Cr_0054.png,Cr,Cr;Sc
new_composite_spectra/Fe/Fe_0051.png,Fe,C;Ca;Fe
new_composite_spectra/Al/Al_0056.png,Al,Al;He;V
new_composite_spectra/Cr/Cr_0055.png,Cr,P;Cr;Fe
new_composite_spectra/H/H_0053.png,H,H;Al
new_composite_spectra/Na/Na_0057.png,Na,Na;Al;Fe;Cr
new_composite_spectra/H/H_0054.png,H,H;Li
new_composite_spectra/P/P_0041.png,P,P;Ca
new_composite_spectra/H/H_0055.png,H,Fe;H
new_composite_spectra/S/S_0045.png,S,Na;S;Sc;Cr
new_composite_spectra/N/N_0041.png,N,N;Cr
new_composite_spectra/Si/Si_0036.png,Si,Li;Ti;Cr;Si
new_composite_spectra/Na/Na_0058.png,Na,Ca;Na;Sc
new_composite_spectra/Ti/Ti_0041.png,Ti,Ti;Si
new_composite_spectra/S/S_0046.png,S,S;Mg;Mn
new_composite_spectra/Sc/Sc_0040.png,Sc,Sc;Mn;Fe;He
new_composite_spectra/C/C_0067.png,C,N;Cr;He;C
new_composite_spectra/S/S_0047.png,S,O;Mg;Ti;S
new_composite_spectra/H/H_0056.png,H,H;C
new_composite_spectra/S/S_0048.png,S,Mn;S
new_composite_spectra/V/V_0057.png,V,P;V
new_composite_spectra/Ti/Ti_0042.png,Ti,V;Ti;Mg
new_composite_spectra/Ca/Ca_0045.png,Ca,Mg;Ca;V;Mn
new_composite_spectra/N/N_0042.png,N,C;Mn;N;P
new_composite_spectra/Li/Li_0039.png,Li,Li;P
new_composite_spectra/N/N_0043.png,N,C;N;Na;V
new_composite_spectra/C/C_0068.png,C,C;Ca
new_composite_spectra/Mg/Mg_0057.png,Mg,He;Mg
new_composite_spectra/Ti/Ti_0043.png,Ti,S;Na;Ti
new_composite_spectra/H/H_0057.png,H,Cr;H;Al;Li
new_composite_spectra/He/He_0047.png,He,He;V;Al
new_composite_spectra/S/S_0049.png,S,Si;S
new_composite_spectra/Ca/Ca_0046.png,Ca,Ca;H
new_composite_spectra/O/O_0051.png,O,O;He
new_composite_spectra/Sc/Sc_0041.png,Sc,Si;Mn;Sc
new_composite_spectra/V/V_0058.png,V,Mg;N;V;S
new_composite_spectra/Ti/Ti_0044.png,Ti,He;O;Ti;Na
new_composite_spectra/Cr/Cr_0056.png,Cr,Fe;H;Cr;V
new_composite_spectra/Na/Na_0059.png,Na,Mn;Na;S
new_composite_spectra/Mn/Mn_0040.png,Mn,Mg;V;Mn;P
new_composite_spectra/Sc/Sc_0042.png,Sc,V;Fe;Sc
new_composite_spectra/Ca/Ca_0047.png,Ca,Si;V;Ca
new_composite_spectra/C/C_0069.png,C,Ca;C;N;H
new_composite_spectra/Cr/Cr_0057.png,Cr,Al;Cr
new_composite_spectra/V/V_0059.png,V,Na;S;Ti;V
new_composite_spectra/Si/Si_0037.png,Si,Si;Fe
new_composite_spectra/Li/Li_0040.png,Li,O;H;N;Li
new_composite_spectra/C/C_0070.png,C,H;Sc;Si;C
new_composite_spectra/Mg/Mg_0058.png,Mg,H;Mg;V;Fe
new_composite_spectra/P/P_0042.png,P,Na;P;H
new_composite_spectra/N/N_0044.png,N,N;Li
new_composite_spectra/C/C_0071.png,C,O;Al;C;S
new_composite_spectra/Na/Na_0060.png,Na,Mn;Na;Si
new_composite_spectra/H/H_0058.png,H,Li;Sc;H;Al
new_composite_spectra/Mg/Mg_0059.png,Mg,Mg;O
new_composite_spectra/Mn/Mn_0041.png,Mn,Mn;V;Sc;Si
new_composite_spectra/Cr/Cr_0058.png,Cr,Cr;C;Sc
new_composite_spectra/H/H_0059.png,H,Si;H;Ca
new_composite_spectra/S/S_0050.png,S,N;S;Li
new_composite_spectra/Al/Al_0057.png,Al,Li;Al;He;S
new_composite_spectra/N/N_0045.png,N,Mn;N
new_composite_spectra/Al/Al_0058.png,Al,C;Fe;Ti;Al
new_composite_spectra/Na/Na_0061.png,Na,Li;He;Na
new_composite_spectra/He/He_0048.png,He,He;Ti;Sc
new_composite_spectra/C/C_0072.png,C,Ti;C
new_composite_spectra/Ti/Ti_0045.png,Ti,Ti;O;Na;Al
new_composite_spectra/Mn/Mn_0042.png,Mn,Na;Mn;He
new_composite_spectra/Na/Na_0062.png,Na,Ti;N;Na
new_composite_spectra/H/H_0060.png,H,H;He;Mn;P
new_composite_spectra/He/He_0049.png,He,Li;N;S;He
new_composite_spectra/P/P_0043.png,P,Ti;C;P
new_composite_spectra/Si/Si_0038.png,Si,Si;Ti;Mn
new_composite_spectra/N/N_0046.png,N,N;Al;Ti;V
new_composite_spectra/Ca/Ca_0048.png,Ca,H;Ca
new_composite_spectra/Fe/Fe_0052.png,Fe,H;Ca;He;Fe
new_composite_spectra/Al/Al_0059.png,Al,H;Al;Fe;Cr
new_composite_spectra/Ca/Ca_0049.png,Ca,Mg;Ca;H
new_composite_spectra/O/O_0052.png,O,C;O
new_composite_spectra/S/S_0051.png,S,Mg;S
new_composite_spectra/Na/Na_0063.png,Na,Mn;S;Na
new_composite_spectra/Na/Na_0064.png,Na,Na;O
new_composite_spectra/Cr/Cr_0059.png,Cr,Cr;Ca;S
new_composite_spectra/Mg/Mg_0060.png,Mg,S;Cr;Mg
new_composite_spectra/P/P_0044.png,P,P;Li;Na
new_composite_spectra/Al/Al_0060.png,Al,Al;He
new_composite_spectra/N/N_0047.png,N,N;C;P
new_composite_spectra/O/O_0053.png,O,Na;O
new_composite_spectra/Na/Na_0065.png,Na,P;Na
new_composite_spectra/N/N_0048.png,N,Ca;N;Si;Cr
new_composite_spectra/Fe/Fe_0053.png,Fe,Si;Fe;Mn;Li
new_composite_spectra/Ca/Ca_0050.png,Ca,Na;Ca;Li
new_composite_spectra/O/O_0054.png,O,Li;O
new_composite_spectra/Fe/Fe_0054.png,Fe,Mn;Na;Fe
new_composite_spectra/Ti/Ti_0046.png,Ti,Si;P;Ti;O
new_composite_spectra/Na/Na_0066.png,Na,Cr;He;Na;Mn
new_composite_spectra/O/O_0055.png,O,Cr;Sc;O;Al
new_composite_spectra/Sc/Sc_0043.png,Sc,He;Sc;Al;Cr
new_composite_spectra/Al/Al_0061.png,Al,P;Al;Si;H
new_composite_spectra/Ca/Ca_0051.png,Ca,He;Mn;Si;Ca
new_composite_spectra/N/N_0049.png,N,Al;N;Mg;Si
new_composite_spectra/Ti/Ti_0047.png,Ti,Na;Ti
new_composite_spectra/P/P_0045.png,P,Ca;P
new_composite_spectra/Na/Na_0067.png,Na,Ti;Na;Cr;Ca
new_composite_spectra/He/He_0050.png,He,Na;P;Ti;He
new_composite_spectra/Fe/Fe_0055.png,Fe,Fe;Sc
new_composite_spectra/P/P_0046.png,P,P;S
new_composite_spectra/N/N_0050.png,N,N;Sc;V
new_composite_spectra/Fe/Fe_0056.png,Fe,Na;Fe
new_composite_spectra/Cr/Cr_0060.png,Cr,Sc;Ti;Cr
new_composite_spectra/C/C_0073.png,C,N;C
new_composite_spectra/H/H_0061.png,H,He;H
new_composite_spectra/Ti/Ti_0048.png,Ti,Ti;H
new_composite_spectra/Si/Si_0039.png,Si,Al;P;Li;Si
new_composite_spectra/Li/Li_0041.png,Li,N;Li;C
new_composite_spectra/Mg/Mg_0061.png,Mg,Mg;Ca
new_composite_spectra/Fe/Fe_0057.png,Fe,Mn;S;P;Fe
new_composite_spectra/Si/Si_0040.png,Si,O;Mg;Si
new_composite_spectra/Sc/Sc_0044.png,Sc,Sc;P
new_composite_spectra/Mn/Mn_0043.png,Mn,Mn;C
new_composite_spectra/V/V_0060.png,V,C;V
new_composite_spectra/Mn/Mn_0044.png,Mn,H;Al;Mn
new_composite_spectra/Al/Al_0062.png,Al,O;Al
new_composite_spectra/Si/Si_0041.png,Si,Si;Fe;V
new_composite_spectra/Cr/Cr_0061.png,Cr,Li;Cr
new_composite_spectra/V/V_0061.png,V,Al;O;V
new_composite_spectra/H/H_0062.png,H,Mn;Ca;H;V
new_composite_spectra/N/N_0051.png,N,N;Mn
new_composite_spectra/Ti/Ti_0049.png,Ti,Si;Ti;N;O
new_composite_spectra/Na/Na_0068.png,Na,Si;Fe;Na;P
new_composite_spectra/Mg/Mg_0062.png,Mg,Mg;Ca;Fe
new_composite_spectra/O/O_0056.png,O,Ca;Li;O;C
new_composite_spectra/S/S_0052.png,S,Mn;S
new_composite_spectra/Na/Na_0069.png,Na,Na;Fe;P;Li
new_composite_spectra/Al/Al_0063.png,Al,Mg;Al;Ti
new_composite_spectra/Cr/Cr_0062.png,Cr,Mg;O;P;Cr
new_composite_spectra/Ti/Ti_0050.png,Ti,S;Ti
new_composite_spectra/Cr/Cr_0063.png,Cr,Cr;Na;C
new_composite_spectra/He/He_0051.png,He,P;Mn;O;He
new_composite_spectra/Ti/Ti_0051.png,Ti,Ca;Ti
new_composite_spectra/H/H_0063.png,H,Mn;H;He
new_composite_spectra/Si/Si_0042.png,Si,He;N;Si
new_composite_spectra/S/S_0053.png,S,Sc;S
new_composite_spectra/Ca/Ca_0052.png,Ca,Mg;Ca
new_composite_spectra/Fe/Fe_0058.png,Fe,Sc;Fe
new_composite_spectra/C/C_0074.png,C,C;V
new_composite_spectra/O/O_0057.png,O,O;He;Cr;S
new_composite_spectra/Fe/Fe_0059.png,Fe,Fe;S;Si
new_composite_spectra/Na/Na_0070.png,Na,N;Na;H
new_composite_spectra/Si/Si_0043.png,Si,P;Fe;Si
new_composite_spectra/Cr/Cr_0064.png,Cr,Cr;Mn
new_composite_spectra/N/N_0052.png,N,P;N;V
new_composite_spectra/P/P_0047.png,P,P;Sc;Fe
new_composite_spectra/V/V_0062.png,V,H;V
new_composite_spectra/Fe/Fe_0060.png,Fe,Ti;Fe;Mn
new_composite_spectra/Mg/Mg_0063.png,Mg,Sc;Mg
new_composite_spectra/S/S_0054.png,S,S;C;Ca;Ti
new_composite_spectra/Fe/Fe_0061.png,Fe,Si;Fe;Ti;S
new_composite_spectra/Mg/Mg_0064.png,Mg,He;Mg;Mn;Fe
new_composite_spectra/Ti/Ti_0052.png,Ti,Ti;Sc;Cr;P
new_composite_spectra/S/S_0055.png,S,Cr;S
new_composite_spectra/V/V_0063.png,V,V;Mn;Si
new_composite_spectra/Li/Li_0042.png,Li,P;Li
new_composite_spectra/Al/Al_0064.png,Al,Mn;Fe;Al;O
new_composite_spectra/S/S_0056.png,S,Mg;Mn;S
new_composite_spectra/Mg/Mg_0065.png,Mg,Si;Mg
new_composite_spectra/Fe/Fe_0062.png,Fe,H;Fe;He
new_composite_spectra/Ti/Ti_0053.png,Ti,Ti;P
new_composite_spectra/Ti/Ti_0054.png,Ti,Mg;Ti
new_composite_spectra/Fe/Fe_0063.png,Fe,Fe;Cr;S
new_composite_spectra/Si/Si_0044.png,Si,Al;Si;H;Mn
new_composite_spectra/Cr/Cr_0065.png,Cr,Li;Cr;He;Si
new_composite_spectra/Mn/Mn_0045.png,Mn,P;He;Mn;C
new_composite_spectra/N/N_0053.png,N,Ti;He;Mn;N
new_composite_spectra/S/S_0057.png,S,Li;N;Al;S
new_composite_spectra/H/H_0064.png,H,H;Na
new_composite_spectra/O/O_0058.png,O,Sc;O
new_composite_spectra/Si/Si_0045.png,Si,Mg;Ti;Si;Fe
new_composite_spectra/Mn/Mn_0046.png,Mn,Mn;P;Fe
new_composite_spectra/N/N_0054.png,N,Ca;Sc;N
new_composite_spectra/Li/Li_0043.png,Li,Ti;H;S;Li
new_composite_spectra/Ti/Ti_0055.png,Ti,H;Ti;Fe
new_composite_spectra/Li/Li_0044.png,Li,Cr;V;Li
new_composite_spectra/Al/Al_0065.png,Al,Fe;Al;Si;Ti
new_composite_spectra/Li/Li_0045.png,Li,C;H;He;Li
new_composite_spectra/P/P_0048.png,P,C;Ca;P
new_composite_spectra/Cr/Cr_0066.png,Cr,Ti;Sc;Cr
new_composite_spectra/Li/Li_0046.png,Li,Li;Mn
new_composite_spectra/O/O_0059.png,O,Fe;Ca;O
new_composite_spectra/Cr/Cr_0067.png,Cr,Ti;O;Cr;Si
new_composite_spectra/N/N_0055.png,N,Al;Na;Sc;N
new_composite_spectra/O/O_0060.png,O,O;Mg;Cr;S
new_composite_spectra/Mg/Mg_0066.png,Mg,Mg;N;He
new_composite_spectra/O/O_0061.png,O,Mn;O;N
new_composite_spectra/Ti/Ti_0056.png,Ti,Ti;He;P
new_composite_spectra/N/N_0056.png,N,N;Ca;Mg
new_composite_spectra/O/O_0062.png,O,O;Ti;Mn
new_composite_spectra/Al/Al_0066.png,Al,Al;Ti
new_composite_spectra/Sc/Sc_0045.png,Sc,Mn;Sc
new_composite_spectra/Al/Al_0067.png,Al,Al;Mg
new_composite_spectra/Al/Al_0068.png,Al,Al;H;Ti
new_composite_spectra/S/S_0058.png,S,V;S
new_composite_spectra/Na/Na_0071.png,Na,Na;Mn
new_composite_spectra/Mn/Mn_0047.png,Mn,N;S;Mn
new_composite_spectra/C/C_0075.png,C,C;Li
new_composite_spectra/P/P_0049.png,P,He;Mg;H;P
new_composite_spectra/Ca/Ca_0053.png,Ca,Ca;Ti;H;He
new_composite_spectra/Ti/Ti_0057.png,Ti,Mn;Ti;Si
new_composite_spectra/H/H_0065.png,H,Na;C;H
new_composite_spectra/C/C_0076.png,C,Li;C
new_composite_spectra/P/P_0050.png,P,Mn;P
new_composite_spectra/P/P_0051.png,P,Al;P;Cr;Ca
new_composite_spectra/Ti/Ti_0058.png,Ti,Al;S;Na;Ti
new_composite_spectra/S/S_0059.png,S,Mn;S
new_composite_spectra/S/S_0060.png,S,Al;S
new_composite_spectra/Ca/Ca_0054.png,Ca,Mn;Ca
new_composite_spectra/S/S_0061.png,S,O;He;Mg;S
new_composite_spectra/Mg/Mg_0067.png,Mg,Mg;Ti
new_composite_spectra/He/He_0052.png,He,He;Cr;Sc
new_composite_spectra/P/P_0052.png,P,H;Mn;P;Sc
new_composite_spectra/Mg/Mg_0068.png,Mg,S;Mn;Mg;Al
new_composite_spectra/Sc/Sc_0046.png,Sc,Li;Sc;N
new_composite_spectra/Al/Al_0069.png,Al,Al;He
new_composite_spectra/Fe/Fe_0064.png,Fe,Mg;Fe
new_composite_spectra/H/H_0066.png,H,Ca;Si;Cr;H
new_composite_spectra/Na/Na_0072.png,Na,Na;Mg;Li
new_composite_spectra/Mn/Mn_0048.png,Mn,Mn;V;Ti
new_composite_spectra/Na/Na_0073.png,Na,Si;Na
new_composite_spectra/Fe/Fe_0065.png,Fe,Al;Fe
new_composite_spectra/Na/Na_0074.png,Na,Li;Na
new_composite_spectra/S/S_0062.png,S,Ti;P;S
new_composite_spectra/He/He_0053.png,He,Ti;He
new_composite_spectra/S/S_0063.png,S,S;V;Al
new_composite_spectra/Ca/Ca_0055.png,Ca,Ca;H
new_composite_spectra/Na/Na_0075.png,Na,Li;Na
new_composite_spectra/V/V_0064.png,V,V;Si;Na
new_composite_spectra/Si/Si_0046.png,Si,O;Si;C;Fe
new_composite_spectra/C/C_0077.png,C,C;Mn
new_composite_spectra/S/S_0064.png,S,Na;S
new_composite_spectra/Na/Na_0076.png,Na,Li;Sc;Na;Mg
new_composite_spectra/V/V_0065.png,V,Ca;V
new_composite_spectra/Fe/Fe_0066.png,Fe,Li;Fe;Si;O
new_composite_spectra/H/H_0067.png,H,Sc;H
new_composite_spectra/Al/Al_0070.png,Al,He;Cr;Sc;Al
new_composite_spectra/V/V_0066.png,V,Al;V;H;Li
new_composite_spectra/Si/Si_0047.png,Si,Si;V
new_composite_spectra/Cr/Cr_0068.png,Cr,S;Cr;Na
new_composite_spectra/N/N_0057.png,N,N;H;S
new_composite_spectra/Al/Al_0071.png,Al,Al;Ca
new_composite_spectra/Li/Li_0047.png,Li,H;Li;Mn
new_composite_spectra/V/V_0067.png,V,O;V;S
new_composite_spectra/S/S_0065.png,S,H;S
new_composite_spectra/N/N_0058.png,N,N;Ti;Fe
new_composite_spectra/Al/Al_0072.png,Al,Li;Ca;Fe;Al
new_composite_spectra/S/S_0066.png,S,O;S;Al;N
new_composite_spectra/Mg/Mg_0069.png,Mg,Ti;Mn;V;Mg
new_composite_spectra/V/V_0068.png,V,V;S;Mg;N
new_composite_spectra/Fe/Fe_0067.png,Fe,Fe;Mn;Sc
new_composite_spectra/Ca/Ca_0056.png,Ca,He;Mg;Ca
new_composite_spectra/Li/Li_0048.png,Li,Li;Sc
new_composite_spectra/Li/Li_0049.png,Li,He;Li;C;S
new_composite_spectra/O/O_0063.png,O,Al;N;O
new_composite_spectra/Na/Na_0077.png,Na,Li;V;Na;Mg
new_composite_spectra/Li/Li_0050.png,Li,Si;Mg;Li;Ti
new_composite_spectra/H/H_0068.png,H,Na;H;V
new_composite_spectra/Ca/Ca_0057.png,Ca,N;Ti;Ca
new_composite_spectra/Cr/Cr_0069.png,Cr,C;Sc;Cr
new_composite_spectra/Li/Li_0051.png,Li,Li;N;C;Fe
new_composite_spectra/Si/Si_0048.png,Si,Mg;P;Ti;Si
new_composite_spectra/Ca/Ca_0058.png,Ca,N;Ca
new_composite_spectra/P/P_0053.png,P,O;Mg;P;Ca
new_composite_spectra/S/S_0067.png,S,Ti;S;Fe
new_composite_spectra/V/V_0069.png,V,V;N;H
new_composite_spectra/Ca/Ca_0059.png,Ca,Mg;Ca;N
new_composite_spectra/Mn/Mn_0049.png,Mn,Mn;Sc
new_composite_spectra/S/S_0068.png,S,V;S
new_composite_spectra/Al/Al_0073.png,Al,Al;Sc;Ti
new_composite_spectra/Sc/Sc_0047.png,Sc,Fe;Li;V;Sc
new_composite_spectra/P/P_0054.png,P,P;Ti
new_composite_spectra/H/H_0069.png,H,Na;Cr;H
new_composite_spectra/O/O_0064.png,O,Mg;He;O
new_composite_spectra/C/C_0078.png,C,Sc;C
new_composite_spectra/C/C_0079.png,C,He;C
new_composite_spectra/Ti/Ti_0059.png,Ti,Ti;C;He;Sc
new_composite_spectra/Ti/Ti_0060.png,Ti,Mg;Na;Ti;Mn
new_composite_spectra/Al/Al_0074.png,Al,O;Ca;C;Al
new_composite_spectra/V/V_0070.png,V,Na;V
new_composite_spectra/V/V_0071.png,V,V;O
new_composite_spectra/Mn/Mn_0050.png,Mn,Mn;Al;P;S
new_composite_spectra/O/O_0065.png,O,He;O
new_composite_spectra/Sc/Sc_0048.png,Sc,Sc;He;Mg;N
new_composite_spectra/Na/Na_0078.png,Na,Na;Ca;He
new_composite_spectra/He/He_0054.png,He,He;V;Ti;Ca
new_composite_spectra/He/He_0055.png,He,Na;N;Ti;He
new_composite_spectra/V/V_0072.png,V,He;V;Ca
new_composite_spectra/Mg/Mg_0070.png,Mg,Mg;Sc;Ca
new_composite_spectra/Cr/Cr_0070.png,Cr,Li;P;Cr;Fe
new_composite_spectra/Ti/Ti_0061.png,Ti,H;Ti
new_composite_spectra/Si/Si_0049.png,Si,Ti;Si;S
new_composite_spectra/Ca/Ca_0060.png,Ca,V;Ca;Sc
new_composite_spectra/N/N_0059.png,N,N;S;Mg;V
new_composite_spectra/N/N_0060.png,N,Na;N;Cr;H
new_composite_spectra/O/O_0066.png,O,H;O;Fe
new_composite_spectra/Ca/Ca_0061.png,Ca,Li;Ca
new_composite_spectra/S/S_0069.png,S,S;C
new_composite_spectra/V/V_0073.png,V,V;Si;Fe;H
new_composite_spectra/Li/Li_0052.png,Li,Ti;Mg;Li;Al
new_composite_spectra/Li/Li_0053.png,Li,Mn;Cr;Li
new_composite_spectra/Al/Al_0075.png,Al,Li;Al
new_composite_spectra/Li/Li_0054.png,Li,Sc;Li
new_composite_spectra/Mg/Mg_0071.png,Mg,Mg;V
new_composite_spectra/Na/Na_0079.png,Na,Ti;Na;S;Si
new_composite_spectra/O/O_0067.png,O,O;Ti
new_composite_spectra/P/P_0055.png,P,N;Li;P
new_composite_spectra/V/V_0074.png,V,Li;V
new_composite_spectra/O/O_0068.png,O,H;Mn;O
new_composite_spectra/N/N_0061.png,N,Ti;N;Mg
new_composite_spectra/V/V_0075.png,V,Ca;C;O;V
new_composite_spectra/Mn/Mn_0051.png,Mn,He;Mn
new_composite_spectra/Li/Li_0055.png,Li,Ca;Li
new_composite_spectra/Cr/Cr_0071.png,Cr,Na;Cr;H
new_composite_spectra/N/N_0062.png,N,Cr;N
new_composite_spectra/Al/Al_0076.png,Al,Al;Mg;Ti
new_composite_spectra/C/C_0080.png,C,C;N;Na;Fe
new_composite_spectra/Al/Al_0077.png,Al,Li;Al;Cr;S
new_composite_spectra/Si/Si_0050.png,Si,Cr;Si;Li
new_composite_spectra/N/N_0063.png,N,Li;S;N;Al
new_composite_spectra/C/C_0081.png,C,C;S;H;Sc
new_composite_spectra/Na/Na_0080.png,Na,Na;P;Mn
new_composite_spectra/P/P_0056.png,P,P;S
new_composite_spectra/Sc/Sc_0049.png,Sc,Sc;N;H;He
new_composite_spectra/V/V_0076.png,V,V;Ti;N
new_composite_spectra/Mn/Mn_0052.png,Mn,Fe;O;Mn
new_composite_spectra/Sc/Sc_0050.png,Sc,Mg;Sc;He;Mn
new_composite_spectra/Na/Na_0081.png,Na,Na;Cr
new_composite_spectra/Mg/Mg_0072.png,Mg,Na;N;Ca;Mg
new_composite_spectra/Fe/Fe_0068.png,Fe,Ca;Si;Cr;Fe
new_composite_spectra/O/O_0069.png,O,O;Sc;V
new_composite_spectra/V/V_0077.png,V,Fe;V
new_composite_spectra/O/O_0070.png,O,O;V
new_composite_spectra/S/S_0070.png,S,S;Fe;Mn;N
new_composite_spectra/He/He_0056.png,He,O;He;Al
new_composite_spectra/Li/Li_0056.png,Li,Li;Si;P
new_composite_spectra/Mn/Mn_0053.png,Mn,He;Mn;O
new_composite_spectra/H/H_0070.png,H,H;Li;Ca;Ti
new_composite_spectra/N/N_0064.png,N,C;N
new_composite_spectra/O/O_0071.png,O,O;N;Mn
new_composite_spectra/Li/Li_0057.png,Li,Li;Cr
new_composite_spectra/V/V_0078.png,V,Na;Cr;V
new_composite_spectra/Fe/Fe_0069.png,Fe,Sc;Fe;P;Mn
new_composite_spectra/Si/Si_0051.png,Si,Si;Li
new_composite_spectra/H/H_0071.png,H,P;Mg;H;Al
new_composite_spectra/O/O_0072.png,O,O;C;Fe
new_composite_spectra/Mg/Mg_0073.png,Mg,H;Mg
new_composite_spectra/Mn/Mn_0054.png,Mn,S;Mn;Fe;V
new_composite_spectra/Mn/Mn_0055.png,Mn,Ca;C;Li;Mn
new_composite_spectra/S/S_0071.png,S,Sc;Li;S;Fe
new_composite_spectra/Na/Na_0082.png,Na,Na;Mg
new_composite_spectra/P/P_0057.png,P,P;O;H
new_composite_spectra/Mg/Mg_0074.png,Mg,Mg;Si;P
new_composite_spectra/Fe/Fe_0070.png,Fe,S;Fe
new_composite_spectra/N/N_0065.png,N,S;N
new_composite_spectra/Si/Si_0052.png,Si,Si;Fe
new_composite_spectra/V/V_0079.png,V,V;Fe
new_composite_spectra/O/O_0073.png,O,Si;O;N;Fe
new_composite_spectra/Na/Na_0083.png,Na,Sc;Na;He;P
new_composite_spectra/P/P_0058.png,P,H;P;S
new_composite_spectra/P/P_0059.png,P,P;Al;Ca;C
new_composite_spectra/V/V_0080.png,V,V;Li;H
new_composite_spectra/O/O_0074.png,O,O;N;S;He
new_composite_spectra/Cr/Cr_0072.png,Cr,O;Cr
new_composite_spectra/Mg/Mg_0075.png,Mg,Mg;Si;Ti
new_composite_spectra/Na/Na_0084.png,Na,Ti;Li;Na;Sc
new_composite_spectra/He/He_0057.png,He,O;Sc;Ti;He
new_composite_spectra/Na/Na_0085.png,Na,He;O;Na;Ca
new_composite_spectra/H/H_0072.png,H,V;Na;H;Li
new_composite_spectra/Fe/Fe_0071.png,Fe,Si;Al;Fe;Na
new_composite_spectra/He/He_0058.png,He,P;V;He
new_composite_spectra/Cr/Cr_0073.png,Cr,Sc;Cr;Mg
new_composite_spectra/Mn/Mn_0056.png,Mn,C;Mn;H
new_composite_spectra/Sc/Sc_0051.png,Sc,Al;Sc
new_composite_spectra/Fe/Fe_0072.png,Fe,Fe;N;Sc;Mg
new_composite_spectra/C/C_0082.png,C,Ca;C;H;Mg
new_composite_spectra/Si/Si_0053.png,Si,Si;S;Fe
new_composite_spectra/Mn/Mn_0057.png,Mn,Li;Si;Mn;O
new_composite_spectra/Li/Li_0058.png,Li,Li;O;Si
new_composite_spectra/Mn/Mn_0058.png,Mn,Mn;Cr;Si;Na
new_composite_spectra/S/S_0072.png,S,S;He
new_composite_spectra/Li/Li_0059.png,Li,Cr;Li;Mg;Sc
new_composite_spectra/H/H_0073.png,H,H;C
new_composite_spectra/Ca/Ca_0062.png,Ca,Cr;Ca;C;V
new_composite_spectra/Cr/Cr_0074.png,Cr,Al;Cr;He
new_composite_spectra/O/O_0075.png,O,Mg;C;O;Li
new_composite_spectra/Sc/Sc_0052.png,Sc,Sc;Na
new_composite_spectra/Sc/Sc_0053.png,Sc,Ca;C;Sc;Mn
new_composite_spectra/Al/Al_0078.png,Al,Al;Fe;O
new_composite_spectra/Sc/Sc_0054.png,Sc,Fe;Sc;Ti
new_composite_spectra/O/O_0076.png,O,O;V
new_composite_spectra/Si/Si_0054.png,Si,Si;Al
new_composite_spectra/P/P_0060.png,P,P;V;N
new_composite_spectra/Ti/Ti_0062.png,Ti,Ti;P;H
new_composite_spectra/Li/Li_0060.png,Li,Li;Cr;Ti
new_composite_spectra/Na/Na_0086.png,Na,P;Mn;Na;Ti
new_composite_spectra/Ca/Ca_0063.png,Ca,Sc;Ca
new_composite_spectra/C/C_0083.png,C,Fe;C;Li;O
new_composite_spectra/Mn/Mn_0059.png,Mn,Mn;Si
new_composite_spectra/Fe/Fe_0073.png,Fe,Si;S;Fe
new_composite_spectra/Mn/Mn_0060.png,Mn,Sc;Mn
new_composite_spectra/Fe/Fe_0074.png,Fe,Fe;Si;He
new_composite_spectra/S/S_0073.png,S,S;Ca
new_composite_spectra/Ca/Ca_0064.png,Ca,P;Ca
new_composite_spectra/P/P_0061.png,P,P;C
new_composite_spectra/C/C_0084.png,C,C;Si
new_composite_spectra/V/V_0081.png,V,He;V
new_composite_spectra/C/C_0085.png,C,C;Li
new_composite_spectra/N/N_0066.png,N,N;Li;Cr
new_composite_spectra/Mn/Mn_0061.png,Mn,Mn;Cr;Li;Mg
new_composite_spectra/V/V_0082.png,V,V;S;Cr;Li
new_composite_spectra/Ti/Ti_0063.png,Ti,Ti;Mg;Li;Al
new_composite_spectra/C/C_0086.png,C,Li;C
new_composite_spectra/Si/Si_0055.png,Si,Ti;Si;P;Li
new_composite_spectra/O/O_0077.png,O,Na;O;V;Mg
new_composite_spectra/N/N_0067.png,N,Ti;N;Si
new_composite_spectra/C/C_0087.png,C,Mn;Mg;C
new_composite_spectra/O/O_0078.png,O,Mn;H;O
new_composite_spectra/Ti/Ti_0064.png,Ti,V;Ti
new_composite_spectra/Fe/Fe_0075.png,Fe,Ti;C;Li;Fe
new_composite_spectra/C/C_0088.png,C,Sc;Ca;C
new_composite_spectra/Fe/Fe_0076.png,Fe,Fe;Ti
new_composite_spectra/Sc/Sc_0055.png,Sc,Sc;Na;Al
new_composite_spectra/O/O_0079.png,O,H;O
new_composite_spectra/V/V_0083.png,V,S;Sc;V
new_composite_spectra/H/H_0074.png,H,Ti;H
new_composite_spectra/H/H_0075.png,H,Sc;S;Mn;H
new_composite_spectra/Fe/Fe_0077.png,Fe,Li;Fe;He;Ca
new_composite_spectra/Si/Si_0056.png,Si,Ti;Si;Fe
new_composite_spectra/Sc/Sc_0056.png,Sc,Sc;Cr;N
new_composite_spectra/Mn/Mn_0062.png,Mn,Mn;Ti
new_composite_spectra/Ti/Ti_0065.png,Ti,Ca;Ti;N
new_composite_spectra/Fe/Fe_0078.png,Fe,Fe;V;N;H
new_composite_spectra/Mn/Mn_0063.png,Mn,Sc;Mn;Ca;Na
new_composite_spectra/Cr/Cr_0075.png,Cr,Li;Cr
new_composite_spectra/Na/Na_0087.png,Na,Na;C;N;H
new_composite_spectra/V/V_0084.png,V,C;V;S
new_composite_spectra/Ca/Ca_0065.png,Ca,Ca;V
new_composite_spectra/Na/Na_0088.png,Na,Ca;Na;O
new_composite_spectra/S/S_0074.png,S,Ti;S
new_composite_spectra/P/P_0062.png,P,Ca;Mg;P;S
new_composite_spectra/O/O_0080.png,O,O;Ti;H;Na
new_composite_spectra/Fe/Fe_0079.png,Fe,S;Fe
new_composite_spectra/Fe/Fe_0080.png,Fe,O;Cr;Fe
new_composite_spectra/O/O_0081.png,O,V;N;Ti;O
new_composite_spectra/N/N_0068.png,N,Al;N
new_composite_spectra/O/O_0082.png,O,Mg;O;Sc
new_composite_spectra/N/N_0069.png,N,N;H
new_composite_spectra/Ca/Ca_0066.png,Ca,Ca;S;Al
new_composite_spectra/Si/Si_0057.png,Si,Si;P;Mg
new_composite_spectra/Al/Al_0079.png,Al,Al;Mg;Fe
new_composite_spectra/N/N_0070.png,N,Li;N;Cr;Ca
new_composite_spectra/S/S_0075.png,S,V;S;Al
new_composite_spectra/P/P_0063.png,P,Mg;Sc;Mn;P
new_composite_spectra/O/O_0083.png,O,Ti;Si;O;N
new_composite_spectra/N/N_0071.png,N,Ca;Al;H;N
new_composite_spectra/V/V_0085.png,V,S;C;V
new_composite_spectra/P/P_0064.png,P,S;P;V
new_composite_spectra/S/S_0076.png,S,Fe;S
new_composite_spectra/Mg/Mg_0076.png,Mg,Na;H;Mg
new_composite_spectra/Sc/Sc_0057.png,Sc,Al;V;Sc;Si
new_composite_spectra/H/H_0076.png,H,Al;H
new_composite_spectra/S/S_0077.png,S,Sc;S
new_composite_spectra/Si/Si_0058.png,Si,Ca;Na;Si;O
new_composite_spectra/P/P_0065.png,P,Mn;P
new_composite_spectra/C/C_0089.png,C,Al;C
new_composite_spectra/V/V_0086.png,V,Ti;V;Si;Na
new_composite_spectra/Li/Li_0061.png,Li,H;Li;Sc;Ca
new_composite_spectra/Si/Si_0059.png,Si,Si;Ti;Al;Li
new_composite_spectra/Sc/Sc_0058.png,Sc,Mg;Sc
new_composite_spectra/O/O_0084.png,O,O;Si
new_composite_spectra/Fe/Fe_0081.png,Fe,He;Fe
new_composite_spectra/P/P_0066.png,P,P;C;Sc
new_composite_spectra/He/He_0059.png,He,Sc;He
new_composite_spectra/O/O_0085.png,O,O;He;N
new_composite_spectra/Ti/Ti_0066.png,Ti,N;Ti;Cr
new_composite_spectra/C/C_0090.png,C,Ca;C;Mn
new_composite_spectra/Ti/Ti_0067.png,Ti,Ti;V
new_composite_spectra/Al/Al_0080.png,Al,C;Al;V
new_composite_spectra/Fe/Fe_0082.png,Fe,Mg;Si;Fe
new_composite_spectra/V/V_0087.png,V,V;H;Sc
new_composite_spectra/H/H_0077.png,H,O;Ca;H;Mg
new_composite_spectra/O/O_0086.png,O,O;Mg
new_composite_spectra/S/S_0078.png,S,P;Mn;S
new_composite_spectra/Fe/Fe_0083.png,Fe,S;Fe;Ti
new_composite_spectra/Ti/Ti_0068.png,Ti,Ti;He
new_composite_spectra/Ca/Ca_0067.png,Ca,Cr;Mn;Ca
new_composite_spectra/C/C_0091.png,C,H;Fe;C
new_composite_spectra/N/N_0072.png,N,N;V;Cr
new_composite_spectra/Sc/Sc_0059.png,Sc,Sc;Ca
new_composite_spectra/Na/Na_0089.png,Na,Na;Mg;Sc
new_composite_spectra/Ca/Ca_0068.png,Ca,Sc;Ca
new_composite_spectra/Al/Al_0081.png,Al,Ca;Al;O
new_composite_spectra/V/V_0088.png,V,Li;V
new_composite_spectra/Sc/Sc_0060.png,Sc,Al;Si;Sc
new_composite_spectra/V/V_0089.png,V,Ca;Mg;H;V
new_composite_spectra/Li/Li_0062.png,Li,Li;N;P
new_composite_spectra/V/V_0090.png,V,Cr;V;Li
new_composite_spectra/Na/Na_0090.png,Na,S;P;Na;He
new_composite_spectra/Ca/Ca_0069.png,Ca,Mn;Ca;P
new_composite_spectra/Mg/Mg_0077.png,Mg,Fe;Li;Mg;C
new_composite_spectra/Li/Li_0063.png,Li,C;Fe;Li
new_composite_spectra/Fe/Fe_0084.png,Fe,V;Fe;Cr
new_composite_spectra/Mg/Mg_0078.png,Mg,Ca;He;Li;Mg
new_composite_spectra/Ca/Ca_0070.png,Ca,Na;H;Fe;Ca
new_composite_spectra/Li/Li_0064.png,Li,Na;Si;Li;He
new_composite_spectra/Mn/Mn_0064.png,Mn,C;Mn
new_composite_spectra/Fe/Fe_0085.png,Fe,Fe;Cr;O;Sc
new_composite_spectra/C/C_0092.png,C,Si;C;P
new_composite_spectra/Mg/Mg_0079.png,Mg,P;Li;Mg
new_composite_spectra/Na/Na_0091.png,Na,Mg;Na;Cr
new_composite_spectra/P/P_0067.png,P,He;Sc;P
new_composite_spectra/Al/Al_0082.png,Al,V;Sc;P;Al
new_composite_spectra/Al/Al_0083.png,Al,P;C;Al
new_composite_spectra/Ca/Ca_0071.png,Ca,Ca;C;He
new_composite_spectra/O/O_0087.png,O,Cr;O;Al;Li
new_composite_spectra/V/V_0091.png,V,Fe;V
new_composite_spectra/S/S_0079.png,S,S;Si;He;C
new_composite_spectra/Al/Al_0084.png,Al,C;Al
new_composite_spectra/Sc/Sc_0061.png,Sc,He;H;Sc
new_composite_spectra/Al/Al_0085.png,Al,Si;Al;O
new_composite_spectra/H/H_0078.png,H,V;H;Na
new_composite_spectra/Cr/Cr_0076.png,Cr,O;V;Cr
new_composite_spectra/Cr/Cr_0077.png,Cr,O;Cr
new_composite_spectra/Cr/Cr_0078.png,Cr,Cr;Mg
new_composite_spectra/Al/Al_0086.png,Al,Al;Ca
new_composite_spectra/Cr/Cr_0079.png,Cr,Al;P;Cr
new_composite_spectra/Ti/Ti_0069.png,Ti,Ti;C
new_composite_spectra/N/N_0073.png,N,Mg;N
new_composite_spectra/Na/Na_0092.png,Na,Fe;Na;Li
new_composite_spectra/N/N_0074.png,N,H;Sc;N
new_composite_spectra/Mg/Mg_0080.png,Mg,He;Mg
new_composite_spectra/Li/Li_0065.png,Li,Sc;Al;O;Li
new_composite_spectra/Si/Si_0060.png,Si,P;O;Si;Sc
new_composite_spectra/Ca/Ca_0072.png,Ca,Ca;He
new_composite_spectra/Cr/Cr_0080.png,Cr,Cr;V;O
new_composite_spectra/S/S_0080.png,S,He;S;Al
new_composite_spectra/Mg/Mg_0081.png,Mg,Mg;S
new_composite_spectra/He/He_0060.png,He,He;Ca
new_composite_spectra/Mn/Mn_0065.png,Mn,C;Mn;Sc;S
new_composite_spectra/Al/Al_0087.png,Al,Al;He
new_composite_spectra/O/O_0088.png,O,O;Cr;C
new_composite_spectra/Al/Al_0088.png,Al,Al;Sc;Cr
new_composite_spectra/Al/Al_0089.png,Al,O;Al;V
new_composite_spectra/He/He_0061.png,He,Cr;He;O;Ti
new_composite_spectra/Li/Li_0066.png,Li,Cr;Li
new_composite_spectra/Ca/Ca_0073.png,Ca,Ca;Na
new_composite_spectra/Mn/Mn_0066.png,Mn,Mn;Ca
new_composite_spectra/Cr/Cr_0081.png,Cr,C;Li;Cr
new_composite_spectra/Al/Al_0090.png,Al,He;Sc;Cr;Al
new_composite_spectra/Ti/Ti_0070.png,Ti,Ti;N
new_composite_spectra/N/N_0075.png,N,Si;Sc;N;He
new_composite_spectra/Mn/Mn_0067.png,Mn,Sc;Mn;Mg;Fe
new_composite_spectra/S/S_0081.png,S,H;S
new_composite_spectra/N/N_0076.png,N,He;N;C;Na
new_composite_spectra/H/H_0079.png,H,S;H;C;Ca
new_composite_spectra/Ca/Ca_0074.png,Ca,Al;Ca
new_composite_spectra/S/S_0082.png,S,C;S
new_composite_spectra/N/N_0077.png,N,N;Cr;V
new_composite_spectra/Sc/Sc_0062.png,Sc,Sc;Al;Na;Si
new_composite_spectra/S/S_0083.png,S,C;S;P;Mn
new_composite_spectra/H/H_0080.png,H,N;H;C;Mn
new_composite_spectra/He/He_0062.png,He,Mn;He;Fe
new_composite_spectra/S/S_0084.png,S,S;O;Fe
new_composite_spectra/He/He_0063.png,He,He;Ca
new_composite_spectra/Mg/Mg_0082.png,Mg,P;Mg
new_composite_spectra/Ca/Ca_0075.png,Ca,Ca;C
new_composite_spectra/Sc/Sc_0063.png,Sc,Sc;O
new_composite_spectra/He/He_0064.png,He,H;He;Si
new_composite_spectra/Ca/Ca_0076.png,Ca,Ca;H
new_composite_spectra/Ca/Ca_0077.png,Ca,Na;Ca;O
new_composite_spectra/V/V_0092.png,V,Ca;O;V
new_composite_spectra/O/O_0089.png,O,Ca;V;C;O
new_composite_spectra/Ca/Ca_0078.png,Ca,Ca;S;P
new_composite_spectra/Fe/Fe_0086.png,Fe,Ca;Sc;Fe
new_composite_spectra/O/O_0090.png,O,O;Ca
new_composite_spectra/Cr/Cr_0082.png,Cr,O;Cr;Al;C
new_composite_spectra/Al/Al_0091.png,Al,Mn;Al
new_composite_spectra/Si/Si_0061.png,Si,Si;Sc
new_composite_spectra/P/P_0068.png,P,P;Si
new_composite_spectra/P/P_0069.png,P,P;Si
new_composite_spectra/S/S_0085.png,S,S;Sc;P;H
new_composite_spectra/Mn/Mn_0068.png,Mn,Sc;O;Mn;Ti
new_composite_spectra/C/C_0093.png,C,Si;C;Mg;O
new_composite_spectra/Mn/Mn_0069.png,Mn,Li;Mn;V;Ti
new_composite_spectra/Si/Si_0062.png,Si,Al;Si
new_composite_spectra/Cr/Cr_0083.png,Cr,Na;Cr
new_composite_spectra/N/N_0078.png,N,Na;S;N;C
new_composite_spectra/Ca/Ca_0079.png,Ca,Na;Ca;Mg
new_composite_spectra/Ti/Ti_0071.png,Ti,S;Na;Ti
new_composite_spectra/N/N_0079.png,N,N;He;Si
new_composite_spectra/H/H_0081.png,H,C;H;V
new_composite_spectra/O/O_0091.png,O,O;Fe
new_composite_spectra/Al/Al_0092.png,Al,Al;V;Mn
new_composite_spectra/P/P_0070.png,P,P;Sc
new_composite_spectra/Na/Na_0093.png,Na,P;Na
new_composite_spectra/Li/Li_0067.png,Li,O;Li
new_composite_spectra/O/O_0092.png,O,O;Mg
new_composite_spectra/H/H_0082.png,H,S;C;Mn;H
new_composite_spectra/Si/Si_0063.png,Si,Fe;Si
new_composite_spectra/H/H_0083.png,H,Mg;H
new_composite_spectra/O/O_0093.png,O,O;Cr
new_composite_spectra/Na/Na_0094.png,Na,Na;V;Fe;S
new_composite_spectra/H/H_0084.png,H,Na;Li;H
new_composite_spectra/Na/Na_0095.png,Na,V;Na
new_composite_spectra/He/He_0065.png,He,He;Ca;Cr
new_composite_spectra/He/He_0066.png,He,S;He;Mn
new_composite_spectra/P/P_0071.png,P,Mg;P
new_composite_spectra/Mn/Mn_0070.png,Mn,Mg;Mn
new_composite_spectra/Mg/Mg_0083.png,Mg,Mg;Sc
new_composite_spectra/P/P_0072.png,P,V;C;P;He
new_composite_spectra/Al/Al_0093.png,Al,Fe;H;Ti;Al
new_composite_spectra/Sc/Sc_0064.png,Sc,Si;Sc
new_composite_spectra/Fe/Fe_0087.png,Fe,S;Li;Fe
new_composite_spectra/Al/Al_0094.png,Al,Al;Na;H
new_composite_spectra/C/C_0094.png,C,H;C
new_composite_spectra/He/He_0067.png,He,Ti;He;Mg;Mn
new_composite_spectra/Na/Na_0096.png,Na,Na;Mg;O;P
new_composite_spectra/O/O_0094.png,O,O;V
new_composite_spectra/H/H_0085.png,H,H;Ca
new_composite_spectra/Ca/Ca_0080.png,Ca,P;Cr;Ca
new_composite_spectra/C/C_0095.png,C,Mn;C
new_composite_spectra/Si/Si_0064.png,Si,Al;Si;Sc
new_composite_spectra/Cr/Cr_0084.png,Cr,Cr;Fe;Mn;Ca
new_composite_spectra/O/O_0095.png,O,Si;V;O;Fe
new_composite_spectra/Cr/Cr_0085.png,Cr,H;P;Ti;Cr
new_composite_spectra/He/He_0068.png,He,N;He
new_composite_spectra/Mg/Mg_0084.png,Mg,Cr;Mg
new_composite_spectra/Sc/Sc_0065.png,Sc,Sc;Li;Ca
new_composite_spectra/Ti/Ti_0072.png,Ti,Ti;Sc;O
new_composite_spectra/Al/Al_0095.png,Al,Fe;He;Al;Cr
new_composite_spectra/Ca/Ca_0081.png,Ca,Na;Ca;He;O
new_composite_spectra/Mn/Mn_0071.png,Mn,Ti;Mn;Cr;Mg
new_composite_spectra/H/H_0086.png,H,He;H;Al
new_composite_spectra/Mn/Mn_0072.png,Mn,Mn;H
new_composite_spectra/Mn/Mn_0073.png,Mn,Mn;Mg;C;Na
new_composite_spectra/Fe/Fe_0088.png,Fe,O;Al;Fe
new_composite_spectra/Li/Li_0068.png,Li,Li;Na;Fe
new_composite_spectra/N/N_0080.png,N,Sc;He;N;Al
new_composite_spectra/Sc/Sc_0066.png,Sc,Fe;P;V;Sc
new_composite_spectra/S/S_0086.png,S,He;S
new_composite_spectra/He/He_0069.png,He,Li;He;Fe;Mg
new_composite_spectra/V/V_0093.png,V,He;V;Mn
new_composite_spectra/Mg/Mg_0085.png,Mg,H;Fe;Mg
new_composite_spectra/Cr/Cr_0086.png,Cr,Mg;Cr
new_composite_spectra/Li/Li_0069.png,Li,Si;H;Li
new_composite_spectra/Na/Na_0097.png,Na,S;Fe;Na
new_composite_spectra/Fe/Fe_0089.png,Fe,V;Fe
new_composite_spectra/Fe/Fe_0090.png,Fe,Fe;Al;H;N
new_composite_spectra/Al/Al_0096.png,Al,P;Al
new_composite_spectra/N/N_0081.png,N,V;Cr;N
new_composite_spectra/He/He_0070.png,He,Sc;He
new_composite_spectra/Li/Li_0070.png,Li,S;Mn;Ti;Li
new_composite_spectra/O/O_0096.png,O,O;H
new_composite_spectra/O/O_0097.png,O,O;Ti;S;V
new_composite_spectra/P/P_0073.png,P,P;Mg;H
new_composite_spectra/Ca/Ca_0082.png,Ca,Fe;Cr;Ca
new_composite_spectra/C/C_0096.png,C,Sc;Ti;S;C
new_composite_spectra/O/O_0098.png,O,O;Si;Ca;Al
new_composite_spectra/Mn/Mn_0074.png,Mn,Mn;C
new_composite_spectra/V/V_0094.png,V,Fe;Li;V
new_composite_spectra/H/H_0087.png,H,Ti;H
new_composite_spectra/H/H_0088.png,H,H;Sc;C
new_composite_spectra/O/O_0099.png,O,Sc;O;Fe;C
new_composite_spectra/Al/Al_0097.png,Al,H;O;Na;Al
new_composite_spectra/Mn/Mn_0075.png,Mn,Mn;H;Li
new_composite_spectra/C/C_0097.png,C,C;Fe
new_composite_spectra/Fe/Fe_0091.png,Fe,Mg;Fe
new_composite_spectra/Ca/Ca_0083.png,Ca,Sc;Cr;Ca
new_composite_spectra/Si/Si_0065.png,Si,Ti;N;Li;Si
new_composite_spectra/Na/Na_0098.png,Na,Ti;Na;Ca;H
new_composite_spectra/H/H_0089.png,H,S;H
new_composite_spectra/Ti/Ti_0073.png,Ti,Li;Ti;H
new_composite_spectra/C/C_0098.png,C,V;He;S;C
new_composite_spectra/V/V_0095.png,V,Mn;P;V
new_composite_spectra/Al/Al_0098.png,Al,Mg;Al
new_composite_spectra/H/H_0090.png,H,H;He
new_composite_spectra/Na/Na_0099.png,Na,V;Na;N
new_composite_spectra/V/V_0096.png,V,Na;Al;V;N
new_composite_spectra/Ti/Ti_0074.png,Ti,Al;Ca;Ti
new_composite_spectra/Li/Li_0071.png,Li,Li;P;Mn
new_composite_spectra/Si/Si_0066.png,Si,Si;N;V
new_composite_spectra/C/C_0099.png,C,Sc;Ti;Mg;C
new_composite_spectra/Fe/Fe_0092.png,Fe,C;Sc;Ti;Fe
new_composite_spectra/Li/Li_0072.png,Li,He;Li;Ti;Si
new_composite_spectra/Li/Li_0073.png,Li,Li;N;Sc
new_composite_spectra/Si/Si_0067.png,Si,Li;Si
new_composite_spectra/Li/Li_0074.png,Li,Li;Mn;C;S
new_composite_spectra/S/S_0087.png,S,S;N
new_composite_spectra/Ti/Ti_0075.png,Ti,Ti;Na;P;V
new_composite_spectra/N/N_0082.png,N,Sc;Mn;N
new_composite_spectra/S/S_0088.png,S,Ti;S
new_composite_spectra/Si/Si_0068.png,Si,Si;Ca;Al
new_composite_spectra/Cr/Cr_0087.png,Cr,Cr;Na;Al
new_composite_spectra/Al/Al_0099.png,Al,Al;H;V;Si
new_composite_spectra/Cr/Cr_0088.png,Cr,C;Cr
new_composite_spectra/S/S_0089.png,S,Mg;N;S;Al
new_composite_spectra/P/P_0074.png,P,P;Si;Cr
new_composite_spectra/P/P_0075.png,P,P;Sc
new_composite_spectra/Mg/Mg_0086.png,Mg,C;P;Mg;N
new_composite_spectra/P/P_0076.png,P,P;Ca
new_composite_spectra/S/S_0090.png,S,S;Cr;P
new_composite_spectra/Fe/Fe_0093.png,Fe,O;N;Fe
new_composite_spectra/Fe/Fe_0094.png,Fe,Cr;Fe
new_composite_spectra/V/V_0097.png,V,H;S;V
new_composite_spectra/Ca/Ca_0084.png,Ca,Ca;Si;Mn;V
new_composite_spectra/N/N_0083.png,N,Na;N;Li
new_composite_spectra/Ti/Ti_0076.png,Ti,Ti;Na;H;C
new_composite_spectra/V/V_0098.png,V,V;H
new_composite_spectra/V/V_0099.png,V,Cr;Ca;Sc;V
new_composite_spectra/H/H_0091.png,H,H;He
new_composite_spectra/H/H_0092.png,H,He;Li;Cr;H
new_composite_spectra/Mn/Mn_0076.png,Mn,O;S;Mn
new_composite_spectra/Mn/Mn_0077.png,Mn,C;V;Mn
new_composite_spectra/Sc/Sc_0067.png,Sc,Mg;Cr;Na;Sc
new_composite_spectra/S/S_0091.png,S,Ca;S
new_composite_spectra/P/P_0077.png,P,Si;P;Mg;Mn
new_composite_spectra/Ca/Ca_0085.png,Ca,Mg;Ca
new_composite_spectra/Cr/Cr_0089.png,Cr,Cr;N
new_composite_spectra/Cr/Cr_0090.png,Cr,Sc;Cr;P;H
new_composite_spectra/P/P_0078.png,P,P;H;Mg
new_composite_spectra/N/N_0084.png,N,N;Fe;Ti;S
new_composite_spectra/N/N_0085.png,N,N;Li;Al
new_composite_spectra/S/S_0092.png,S,Sc;Li;S
new_composite_spectra/Cr/Cr_0091.png,Cr,Ti;Cr;Fe
new_composite_spectra/Si/Si_0069.png,Si,O;P;Si;He
new_composite_spectra/P/P_0079.png,P,He;Cr;P;C
new_composite_spectra/H/H_0093.png,H,Al;H
new_composite_spectra/Ca/Ca_0086.png,Ca,Al;Ca;Sc
new_composite_spectra/Fe/Fe_0095.png,Fe,Fe;He;C;Cr
new_composite_spectra/N/N_0086.png,N,O;Si;N
new_composite_spectra/Sc/Sc_0068.png,Sc,N;O;Al;Sc
new_composite_spectra/He/He_0071.png,He,Ca;H;He;S
new_composite_spectra/Cr/Cr_0092.png,Cr,P;Al;Mn;Cr
new_composite_spectra/Ti/Ti_0077.png,Ti,Ti;Cr
new_composite_spectra/Mn/Mn_0078.png,Mn,Sc;P;Mn;Li
new_composite_spectra/S/S_0093.png,S,S;Mg;He;C
new_composite_spectra/He/He_0072.png,He,He;C
new_composite_spectra/P/P_0080.png,P,He;Si;Mg;P
new_composite_spectra/S/S_0094.png,S,He;Li;S
new_composite_spectra/Sc/Sc_0069.png,Sc,P;Sc;He;Mg
new_composite_spectra/P/P_0081.png,P,Si;P
new_composite_spectra/Sc/Sc_0070.png,Sc,Sc;Ti;Na
new_composite_spectra/Si/Si_0070.png,Si,P;Si
new_composite_spectra/Fe/Fe_0096.png,Fe,Fe;Al;C
new_composite_spectra/Fe/Fe_0097.png,Fe,Fe;C
new_composite_spectra/Cr/Cr_0093.png,Cr,Sc;Cr
new_composite_spectra/Ti/Ti_0078.png,Ti,V;Ti
new_composite_spectra/N/N_0087.png,N,Li;N;Mn
new_composite_spectra/H/H_0094.png,H,H;Fe;N
new_composite_spectra/Ca/Ca_0087.png,Ca,Cr;Mg;Ti;Ca
new_composite_spectra/Sc/Sc_0071.png,Sc,Na;Sc
new_composite_spectra/Mn/Mn_0079.png,Mn,P;Mn
new_composite_spectra/Mg/Mg_0087.png,Mg,Mg;He;Sc
new_composite_spectra/Li/Li_0075.png,Li,Li;Ti
new_composite_spectra/He/He_0073.png,He,He;C;Cr
new_composite_spectra/Fe/Fe_0098.png,Fe,S;Fe;Na
new_composite_spectra/He/He_0074.png,He,S;Li;He;C
new_composite_spectra/S/S_0095.png,S,Al;C;Na;S
new_composite_spectra/He/He_0075.png,He,He;Mg
new_composite_spectra/He/He_0076.png,He,Li;Ca;H;He
new_composite_spectra/Mn/Mn_0080.png,Mn,Na;Cr;N;Mn
new_composite_spectra/Li/Li_0076.png,Li,Mn;Li
new_composite_spectra/Ca/Ca_0088.png,Ca,H;Li;Ca
new_composite_spectra/H/H_0095.png,H,Al;Ti;H
new_composite_spectra/Sc/Sc_0072.png,Sc,H;Sc
new_composite_spectra/Fe/Fe_0099.png,Fe,C;N;Fe;Cr
new_composite_spectra/H/H_0096.png,H,H;Li
new_composite_spectra/N/N_0088.png,N,S;N
new_composite_spectra/Cr/Cr_0094.png,Cr,P;Cr;Fe
new_composite_spectra/Li/Li_0077.png,Li,Ca;Li;Cr
new_composite_spectra/N/N_0089.png,N,Na;V;N
new_composite_spectra/N/N_0090.png,N,H;N;S;Al
new_composite_spectra/H/H_0097.png,H,H;Na;He
new_composite_spectra/Li/Li_0078.png,Li,Mn;Li
new_composite_spectra/Si/Si_0071.png,Si,Si;He
new_composite_spectra/P/P_0082.png,P,O;P;Si
new_composite_spectra/Ti/Ti_0079.png,Ti,Ti;He;Mn;O
new_composite_spectra/Sc/Sc_0073.png,Sc,Sc;V;He;Mg
new_composite_spectra/Li/Li_0079.png,Li,Na;V;Li
new_composite_spectra/Si/Si_0072.png,Si,Si;O;Ca
new_composite_spectra/Mg/Mg_0088.png,Mg,Sc;V;Mg
new_composite_spectra/Sc/Sc_0074.png,Sc,Ca;Ti;Mn;Sc
new_composite_spectra/N/N_0091.png,N,Fe;N
new_composite_spectra/Mg/Mg_0089.png,Mg,Mn;Mg;Cr
new_composite_spectra/Ti/Ti_0080.png,Ti,Si;Ti;Al
new_composite_spectra/Mn/Mn_0081.png,Mn,Mn;N
new_composite_spectra/N/N_0092.png,N,N;Na
new_composite_spectra/Mn/Mn_0082.png,Mn,Mn;Si;Cr
new_composite_spectra/Li/Li_0080.png,Li,V;Li
new_composite_spectra/Mn/Mn_0083.png,Mn,He;Mn;V;Al
new_composite_spectra/H/H_0098.png,H,Mn;H
new_composite_spectra/Ca/Ca_0089.png,Ca,Ca;S;C
new_composite_spectra/Cr/Cr_0095.png,Cr,Al;Cr;Ti;Mg
new_composite_spectra/Li/Li_0081.png,Li,Li;V
new_composite_spectra/Sc/Sc_0075.png,Sc,Na;Sc;Al
new_composite_spectra/Li/Li_0082.png,Li,Sc;Li;Ca;S
new_composite_spectra/P/P_0083.png,P,C;Al;P;N
new_composite_spectra/Li/Li_0083.png,Li,Li;Mn
new_composite_spectra/Ca/Ca_0090.png,Ca,Al;Ca;Li;Fe
new_composite_spectra/Si/Si_0073.png,Si,Sc;Si
new_composite_spectra/Ca/Ca_0091.png,Ca,Sc;Ca;Si
new_composite_spectra/Ti/Ti_0081.png,Ti,Ti;C
new_composite_spectra/Cr/Cr_0096.png,Cr,Na;Mn;Cr
new_composite_spectra/Sc/Sc_0076.png,Sc,Sc;Ca;Cr
new_composite_spectra/Sc/Sc_0077.png,Sc,Mn;Sc
new_composite_spectra/Mg/Mg_0090.png,Mg,V;P;H;Mg
new_composite_spectra/Cr/Cr_0097.png,Cr,O;Sc;Cr;Fe
new_composite_spectra/Mg/Mg_0091.png,Mg,Cr;Mg;Si
new_composite_spectra/P/P_0084.png,P,P;Cr
new_composite_spectra/P/P_0085.png,P,C;S;P
new_composite_spectra/Ti/Ti_0082.png,Ti,N;C;Si;Ti
new_composite_spectra/Sc/Sc_0078.png,Sc,Sc;N
new_composite_spectra/Li/Li_0084.png,Li,Li;Si;O
new_composite_spectra/Mg/Mg_0092.png,Mg,Mg;H
new_composite_spectra/Cr/Cr_0098.png,Cr,Sc;Cr;P
new_composite_spectra/Ca/Ca_0092.png,Ca,Mg;He;Ca;Sc
new_composite_spectra/Mg/Mg_0093.png,Mg,Al;Mg;Ca;C
new_composite_spectra/Si/Si_0074.png,Si,Si;Fe;Mn
new_composite_spectra/Mn/Mn_0084.png,Mn,H;Mn
new_composite_spectra/Cr/Cr_0099.png,Cr,Cr;Mg
new_composite_spectra/P/P_0086.png,P,Ca;P;Mn;Ti
new_composite_spectra/Si/Si_0075.png,Si,P;Si;Al
new_composite_spectra/S/S_0096.png,S,Na;S;Al
new_composite_spectra/He/He_0077.png,He,He;C;Mn
new_composite_spectra/Li/Li_0085.png,Li,He;O;Li;V
new_composite_spectra/P/P_0087.png,P,P;Ti;S
new_composite_spectra/N/N_0093.png,N,C;S;N;He
new_composite_spectra/Sc/Sc_0079.png,Sc,Sc;Fe;V
new_composite_spectra/P/P_0088.png,P,V;P
new_composite_spectra/Si/Si_0076.png,Si,N;Si;Mn
new_composite_spectra/Mn/Mn_0085.png,Mn,Mn;P
new_composite_spectra/He/He_0078.png,He,He;Li;Sc;Na
new_composite_spectra/P/P_0089.png,P,P;Cr
new_composite_spectra/Mn/Mn_0086.png,Mn,S;Mn;H
new_composite_spectra/Li/Li_0086.png,Li,Li;P;Na;Mn
new_composite_spectra/Mg/Mg_0094.png,Mg,S;Li;Mg;N
new_composite_spectra/Mg/Mg_0095.png,Mg,Mg;Mn
new_composite_spectra/Ca/Ca_0093.png,Ca,Ca;C;Ti
new_composite_spectra/Ti/Ti_0083.png,Ti,N;Ti
new_composite_spectra/Mg/Mg_0096.png,Mg,O;Mg
new_composite_spectra/Mg/Mg_0097.png,Mg,O;He;Mg
new_composite_spectra/P/P_0090.png,P,P;N;Cr;C
new_composite_spectra/Ca/Ca_0094.png,Ca,Na;Ca;Si
new_composite_spectra/H/H_0099.png,H,O;N;Li;H
new_composite_spectra/Si/Si_0077.png,Si,Cr;Li;Fe;Si
new_composite_spectra/S/S_0097.png,S,S;V
new_composite_spectra/He/He_0079.png,He,H;He
new_composite_spectra/He/He_0080.png,He,He;Cr
new_composite_spectra/Si/Si_0078.png,Si,Si;Fe;Na
new_composite_spectra/N/N_0094.png,N,Mg;N;Mn
new_composite_spectra/Si/Si_0079.png,Si,Fe;Si;He;P
new_composite_spectra/N/N_0095.png,N,N;Ca;Fe
new_composite_spectra/P/P_0091.png,P,Li;Si;Mg;P
new_composite_spectra/Si/Si_0080.png,Si,Si;O
new_composite_spectra/P/P_0092.png,P,P;Li;Na
new_composite_spectra/Mn/Mn_0087.png,Mn,Sc;Mn
new_composite_spectra/N/N_0096.png,N,Ti;N
new_composite_spectra/P/P_0093.png,P,C;P;Si
new_composite_spectra/Si/Si_0081.png,Si,P;Fe;Si;S
new_composite_spectra/Sc/Sc_0080.png,Sc,P;Sc
new_composite_spectra/Mn/Mn_0088.png,Mn,Mn;N;V
new_composite_spectra/Mg/Mg_0098.png,Mg,Si;Mg;Cr
new_composite_spectra/P/P_0094.png,P,Si;P
new_composite_spectra/P/P_0095.png,P,P;V;Si
new_composite_spectra/Li/Li_0087.png,Li,P;Li
new_composite_spectra/Si/Si_0082.png,Si,S;Si;Na;Ca
new_composite_spectra/S/S_0098.png,S,V;H;S;Fe
new_composite_spectra/Si/Si_0083.png,Si,S;Cr;Si
new_composite_spectra/N/N_0097.png,N,N;S
new_composite_spectra/Ca/Ca_0095.png,Ca,Sc;Ca
new_composite_spectra/S/S_0099.png,S,Fe;S
new_composite_spectra/P/P_0096.png,P,P;H
new_composite_spectra/N/N_0098.png,N,N;P;S
new_composite_spectra/P/P_0097.png,P,V;N;Li;P
new_composite_spectra/Li/Li_0088.png,Li,Ca;Li
new_composite_spectra/P/P_0098.png,P,N;Na;P;V
new_composite_spectra/He/He_0081.png,He,Al;Si;He
new_composite_spectra/Sc/Sc_0081.png,Sc,Sc;V;He;Ca
new_composite_spectra/He/He_0082.png,He,Si;P;He;Ti
new_composite_spectra/Ca/Ca_0096.png,Ca,Fe;Ca
new_composite_spectra/N/N_0099.png,N,Li;He;N
new_composite_spectra/Mn/Mn_0089.png,Mn,Sc;Mn;V
new_composite_spectra/Ca/Ca_0097.png,Ca,Ca;He;V
new_composite_spectra/P/P_0099.png,P,P;Mn;He;H
new_composite_spectra/Mn/Mn_0090.png,Mn,C;Ca;Mn
new_composite_spectra/Li/Li_0089.png,Li,O;Si;Li;V
new_composite_spectra/Ca/Ca_0098.png,Ca,Ca;Al
new_composite_spectra/Li/Li_0090.png,Li,Mn;Na;V;Li
new_composite_spectra/Sc/Sc_0082.png,Sc,Al;Sc
new_composite_spectra/Si/Si_0084.png,Si,Si;He
new_composite_spectra/Sc/Sc_0083.png,Sc,P;Sc
new_composite_spectra/Ti/Ti_0084.png,Ti,V;Ti;Fe
new_composite_spectra/Li/Li_0091.png,Li,Ca;Li;Sc
new_composite_spectra/Mn/Mn_0091.png,Mn,Mn;Cr;He
new_composite_spectra/Si/Si_0085.png,Si,O;Si;S
new_composite_spectra/Ti/Ti_0085.png,Ti,Ti;Cr;Si;Ca
new_composite_spectra/He/He_0083.png,He,Al;He
new_composite_spectra/Mg/Mg_0099.png,Mg,Mg;S
new_composite_spectra/Li/Li_0092.png,Li,Ca;He;Li;N
new_composite_spectra/Sc/Sc_0084.png,Sc,Na;Sc
new_composite_spectra/Li/Li_0093.png,Li,Al;Li
new_composite_spectra/He/He_0084.png,He,C;He
new_composite_spectra/Li/Li_0094.png,Li,Li;P;Sc
new_composite_spectra/Si/Si_0086.png,Si,Si;Li;He;Ca
new_composite_spectra/Ti/Ti_0086.png,Ti,Ca;Ti;V
new_composite_spectra/Sc/Sc_0085.png,Sc,O;Fe;H;Sc
new_composite_spectra/Mn/Mn_0092.png,Mn,Li;Mn
new_composite_spectra/Ti/Ti_0087.png,Ti,Ti;V;Ca
new_composite_spectra/Sc/Sc_0086.png,Sc,O;Sc
new_composite_spectra/Li/Li_0095.png,Li,Na;Li;P
new_composite_spectra/He/He_0085.png,He,Mn;Si;He
new_composite_spectra/Li/Li_0096.png,Li,Na;Mn;Li;Cr
new_composite_spectra/Ca/Ca_0099.png,Ca,Ca;H;Cr
new_composite_spectra/Si/Si_0087.png,Si,Si;Mg;H;Fe
new_composite_spectra/Si/Si_0088.png,Si,C;S;Si
new_composite_spectra/Sc/Sc_0087.png,Sc,O;Mn;Sc
new_composite_spectra/He/He_0086.png,He,O;He
new_composite_spectra/Mn/Mn_0093.png,Mn,Mg;V;Mn
new_composite_spectra/He/He_0087.png,He,Si;Sc;He
new_composite_spectra/Sc/Sc_0088.png,Sc,C;Cr;Sc;Al
new_composite_spectra/Sc/Sc_0089.png,Sc,S;Sc
new_composite_spectra/Si/Si_0089.png,Si,He;Ca;Si;C
new_composite_spectra/Li/Li_0097.png,Li,O;Li;He
new_composite_spectra/Li/Li_0098.png,Li,Ca;Li
new_composite_spectra/He/He_0088.png,He,S;Ti;He
new_composite_spectra/Li/Li_0099.png,Li,N;Li
new_composite_spectra/Si/Si_0090.png,Si,Si;Cr
new_composite_spectra/Ti/Ti_0088.png,Ti,H;Ti
new_composite_spectra/Si/Si_0091.png,Si,Si;S
new_composite_spectra/Si/Si_0092.png,Si,Cr;Si
new_composite_spectra/Mn/Mn_0094.png,Mn,Ca;Mn;V;Na
new_composite_spectra/Sc/Sc_0090.png,Sc,Ti;Sc
new_composite_spectra/He/He_0089.png,He,Si;Sc;He;Cr
new_composite_spectra/Ti/Ti_0089.png,Ti,Sc;Ti
new_composite_spectra/Mn/Mn_0095.png,Mn,Mn;Cr;Li;P
new_composite_spectra/Sc/Sc_0091.png,Sc,Mg;Sc;O;H
new_composite_spectra/Mn/Mn_0096.png,Mn,P;Mn
new_composite_spectra/Mn/Mn_0097.png,Mn,Mn;Fe;Al
new_composite_spectra/Sc/Sc_0092.png,Sc,Fe;Sc;H
new_composite_spectra/Mn/Mn_0098.png,Mn,H;S;Mn;Ca
new_composite_spectra/Sc/Sc_0093.png,Sc,Sc;Li
new_composite_spectra/Mn/Mn_0099.png,Mn,Mn;Fe;Na;P
new_composite_spectra/Ti/Ti_0090.png,Ti,V;Mg;Ti
new_composite_spectra/Ti/Ti_0091.png,Ti,Mn;H;Ti
new_composite_spectra/Sc/Sc_0094.png,Sc,Al;Sc
new_composite_spectra/Si/Si_0093.png,Si,Mn;Si
new_composite_spectra/Ti/Ti_0092.png,Ti,V;Ti;Si;He
new_composite_spectra/Si/Si_0094.png,Si,Si;Fe
new_composite_spectra/He/He_0090.png,He,V;P;He
new_composite_spectra/Si/Si_0095.png,Si,Na;Si;Mg;He
new_composite_spectra/Sc/Sc_0095.png,Sc,P;He;N;Sc
new_composite_spectra/He/He_0091.png,He,Al;Li;He
new_composite_spectra/Ti/Ti_0093.png,Ti,O;N;Ti
new_composite_spectra/Si/Si_0096.png,Si,Si;Al;Cr;V
new_composite_spectra/Ti/Ti_0094.png,Ti,H;Ti;V;Cr
new_composite_spectra/He/He_0092.png,He,He;S;Mg
new_composite_spectra/Sc/Sc_0096.png,Sc,Ca;Sc
new_composite_spectra/He/He_0093.png,He,Fe;Cr;He;Na
new_composite_spectra/Sc/Sc_0097.png,Sc,Sc;Si
new_composite_spectra/Si/Si_0097.png,Si,C;Si;Mg
new_composite_spectra/He/He_0094.png,He,Li;He
new_composite_spectra/Sc/Sc_0098.png,Sc,H;P;Sc
new_composite_spectra/Si/Si_0098.png,Si,Ti;Si
new_composite_spectra/Ti/Ti_0095.png,Ti,Ti;Al
new_composite_spectra/Ti/Ti_0096.png,Ti,Ti;O;H
new_composite_spectra/Sc/Sc_0099.png,Sc,Sc;O;Na;Cr
new_composite_spectra/Si/Si_0099.png,Si,P;S;C;Si
new_composite_spectra/Ti/Ti_0097.png,Ti,N;Ti;Li
new_composite_spectra/He/He_0095.png,He,S;He;Mn;V
new_composite_spectra/Ti/Ti_0098.png,Ti,Na;Ti;V
new_composite_spectra/Ti/Ti_0099.png,Ti,Cr;Ti
new_composite_spectra/He/He_0096.png,He,He;O
new_composite_spectra/He/He_0097.png,He,He;Ca
new_composite_spectra/He/He_0098.png,He,C;V;He
new_composite_spectra/He/He_0099.png,He,N;He;P
